Batch,Sample,FieldID,Location,StartDate,EndDate,StartTime,EndTime,exptime (mins),ACbutdie,MDbutdie,ACpentan,MDpentan,ACisopre,MDisopre,ACmetchl,MDmetchl,ACmtbe,MDmtbe,AChexane,MDhexane,ACchlpre,MDchlpre,ACmecype,MDmecype,ACmeetke,MDmeetke,ACchlfrm,MDchlfrm,ACdimepe,MDdimepe,ACcartet,MDcartet,ACbenzen,MDbenzen,ACtriche,MDtriche,ACtoluen,MDtoluen,ACtetche,MDtetche,ACethben,MDethben,ACnonane,MDnonane,ACmpxyle,MDmpxyle,Acoxyle,MDoxyle,ACstyren,MDstyren,ACalpin,MDalpin,ACdecane,MDdecane,ACtmebez,MDtmebez,ACetmebz,MDetmebz,ACbepin,MDbepin,ACtmebnz,MDtmebnz,ACdlimo,MDdlimo,ACtmebzn,MDtmebzn,ACdchben,MDdchben,ACnaphth,MDnaphth
Batch 1,BQ8607,YAS001 ,IN,6-Nov-12,10-Nov-12,11:10,11:10,5760,2.33,0.60,23.86,0.41,29.06,2.80,0.00,0.11,0.00,0.16,1.80,0.17,0.00,0.15,0.77,0.16,0.00,0.41,3.13,0.03,0.00,0.15,1.21,0.14,6.11,0.20,0.00,0.08,11.13,0.30,0.00,0.13,2.23,0.27,0.47,0.16,6.35,0.19,1.70,0.25,4.00,0.24,21.05,0.20,1.20,0.21,0.48,0.14,0.43,0.14,7.97,0.22,1.86,0.18,83.02,0.20,0.75,0.18,16.89,0.23,1.15,0.18
Batch 1,BQ8566,YAS001 ,OUT,6-Nov-12,8-Nov-12,11:10,13:10,2880,0.00,1.20,3.92,0.81,0.00,5.61,0.00,0.21,0.00,0.31,1.85,0.33,0.00,0.30,0.92,0.32,4.00,0.83,0.51,0.06,0.00,0.30,4.45,0.29,2.96,0.41,0.00,0.17,2.18,0.59,0.31,0.26,0.83,0.54,0.00,0.31,1.79,0.37,0.91,0.49,0.00,0.49,1.07,0.40,0.00,0.43,0.00,0.28,0.00,0.28,0.00,0.45,0.73,0.37,0.94,0.39,0.00,0.35,4.18,0.47,0.00,0.37
Batch 1,BQ8714,YAS002 ,OUT,12-Nov-12,16-Nov-12,17:05,17:05,5760,0.00,0.60,5.33,0.41,2.53,2.80,0.00,0.11,0.00,0.16,0.99,0.17,0.00,0.15,0.44,0.16,0.00,0.41,9.04,0.03,0.00,0.15,1.35,0.14,2.10,0.20,0.00,0.08,3.72,0.30,0.00,0.13,0.82,0.27,0.00,0.16,1.71,0.19,0.58,0.25,0.82,0.24,9.45,0.20,0.00,0.21,0.00,0.14,0.00,0.14,3.19,0.22,1.03,0.18,44.82,0.20,3.23,0.18,4.26,0.23,0.00,0.18
Batch 1,BQ8708,YAS003 ,IN,8-Nov-12,12-Nov-12,15:31,15:31,5760,0.00,0.60,6.66,0.41,0.00,2.80,0.00,0.11,0.00,0.16,3.11,0.17,0.00,0.15,1.52,0.16,2.49,0.41,0.00,0.03,0.00,0.15,2.74,0.14,3.36,0.20,0.00,0.08,4.96,0.30,0.31,0.13,1.34,0.27,0.46,0.16,4.48,0.19,1.78,0.25,0.00,0.24,1.21,0.20,0.51,0.21,0.45,0.14,0.44,0.14,0.00,0.22,1.64,0.18,0.68,0.20,0.36,0.18,0.56,0.23,0.00,0.18
Batch 1,BQ8707,YAS003 ,OUT,8-Nov-12,12-Nov-12,15:31,15:31,5760,0.00,0.60,4.31,0.41,0.00,2.80,0.00,0.11,0.00,0.16,2.06,0.17,0.00,0.15,1.03,0.16,1.97,0.41,0.00,0.03,0.00,0.15,2.71,0.14,3.06,0.20,0.00,0.08,2.67,0.30,0.12,0.13,0.83,0.27,0.37,0.16,2.38,0.19,0.99,0.25,0.00,0.24,0.53,0.20,0.00,0.21,0.24,0.14,0.26,0.14,0.00,0.22,0.85,0.18,0.76,0.20,0.25,0.18,0.44,0.23,0.00,0.18
Batch 1,BQ9476,YAS004 ,IN,11-Dec-12,13-Dec-12,13:25,12:15,2810,0.00,1.23,4.23,0.84,0.00,5.74,0.00,0.22,0.00,0.32,1.51,0.34,0.00,0.31,0.00,0.33,0.00,0.85,1.61,0.06,0.00,0.31,0.00,0.29,0.55,0.42,0.00,0.17,3.12,0.61,0.00,0.27,0.46,0.55,0.00,0.32,1.10,0.38,0.61,0.51,0.00,0.50,4.32,0.41,0.00,0.44,0.00,0.29,0.00,0.29,2.43,0.46,0.52,0.38,63.98,0.40,0.00,0.36,2299.01,0.48,0.88,0.37
Batch 1,BQ9577,YAS004 ,OUT,11-Dec-12,13-Dec-12,13:25,12:15,2810,0.00,1.23,6.19,0.84,0.00,5.74,0.14,0.22,0.00,0.32,2.03,0.34,0.00,0.31,1.10,0.33,2.72,0.85,0.33,0.06,0.00,0.31,1.31,0.29,1.46,0.42,0.00,0.17,2.23,0.61,0.00,0.27,0.60,0.55,0.00,0.32,1.50,0.38,0.71,0.51,0.00,0.50,1.68,0.41,0.00,0.44,0.00,0.29,0.00,0.29,0.00,0.46,0.73,0.38,1.97,0.40,0.00,0.36,85.37,0.48,0.00,0.37
Batch 1,BQ9495,YAS007 ,IN,4-Dec-12,6-Dec-12,11:45,13:55,3010,0.00,1.15,22.92,0.78,9.04,5.36,0.00,0.20,0.00,0.30,10.18,0.32,0.00,0.29,6.20,0.31,35.51,0.79,9.35,0.05,0.00,0.29,0.00,0.27,7.65,0.39,0.12,0.16,144.51,0.57,0.78,0.25,8.91,0.51,3.94,0.30,28.17,0.36,10.20,0.47,6.31,0.47,22.88,0.38,10.56,0.41,2.58,0.27,2.18,0.27,18.14,0.43,9.65,0.35,428.20,0.38,2.58,0.34,32.36,0.45,0.99,0.35
Batch 1,BQ9555,YAS007 ,OUT,4-Dec-12,6-Dec-12,11:45,13:55,3010,0.00,1.15,3.73,0.78,0.00,5.36,0.00,0.20,0.00,0.30,1.89,0.32,0.00,0.29,1.11,0.31,1.64,0.79,0.27,0.05,0.00,0.29,0.00,0.27,1.20,0.39,0.15,0.16,4.36,0.57,0.44,0.25,0.88,0.51,0.00,0.30,2.54,0.36,1.13,0.47,0.00,0.47,0.91,0.38,0.00,0.41,0.00,0.27,0.00,0.27,0.00,0.43,1.06,0.35,5.11,0.38,0.00,0.34,0.86,0.45,0.00,0.35
Batch 1,BQ9550,YAS008 ,IN,4-Dec-12,6-Dec-12,9:15,13:15,3120,0.00,1.11,24.36,0.75,14.37,5.17,0.00,0.20,0.00,0.29,3.08,0.31,0.00,0.28,0.00,0.30,20.15,0.77,1.50,0.05,0.00,0.28,1.88,0.26,3.15,0.37,0.00,0.15,14.73,0.55,0.00,0.24,1.80,0.50,0.00,0.29,5.27,0.34,1.90,0.46,2.13,0.45,11.73,0.37,0.00,0.40,0.43,0.26,0.36,0.26,4.66,0.41,1.66,0.34,168.75,0.36,0.60,0.32,3.01,0.43,0.00,0.34
Batch 1,BQ9576,YAS008 ,OUT,4-Dec-12,6-Dec-12,9:15,13:15,3120,0.00,1.11,6.98,0.75,0.00,5.17,0.00,0.20,0.00,0.29,3.41,0.31,0.00,0.28,1.74,0.30,0.00,0.77,0.20,0.05,0.00,0.28,2.16,0.26,1.69,0.37,0.03,0.15,2.66,0.55,0.00,0.24,0.81,0.50,0.00,0.29,2.52,0.34,1.02,0.46,0.00,0.45,0.00,0.37,0.00,0.40,0.00,0.26,0.00,0.26,0.00,0.41,0.99,0.34,1.06,0.36,0.00,0.32,0.27,0.43,0.00,0.34
Batch 1,BQ9547,YAS009 ,IN,6-Dec-12,10-Dec-12,10:20,10:20,5760,0.00,0.60,15.86,0.41,19.28,2.80,0.00,0.11,0.00,0.16,3.37,0.17,0.00,0.15,1.69,0.16,0.00,0.41,28.30,0.03,0.00,0.15,2.11,0.14,3.64,0.20,0.04,0.08,31.73,0.30,0.37,0.13,4.64,0.27,11.68,0.16,7.24,0.19,3.19,0.25,4.56,0.24,60.80,0.20,42.63,0.21,0.91,0.14,1.36,0.14,22.88,0.22,4.61,0.18,267.93,0.20,1.22,0.18,2.82,0.23,1.11,0.18
Batch 2,BQ9687,YAS006 ,IN ,29-Mar-13,31-Mar-13,10:20,16:05,3225,0.00,1.15,5.71,0.55,0.00,4.96,0.00,0.88,0.00,0.55,3.35,0.81,0.00,0.31,0.00,0.29,0.00,2.85,1.23,0.07,0.00,0.26,0.76,0.25,1.19,1.04,0.15,1.09,5.18,0.94,0.00,0.24,0.90,0.59,0.52,0.31,2.71,0.27,1.14,0.14,0.00,0.44,5.17,0.37,0.64,0.40,0.00,0.26,0.64,0.26,1.88,0.45,0.26,0.34,7.61,0.38,0.84,0.32,0.00,0.41,0.00,0.32
Batch 2,BQ9767,YAS006 ,OUT,29-Mar-13,31-Mar-13,10:20,16:05,3225,0.00,1.15,5.61,0.55,0.00,4.96,0.00,0.88,0.00,0.55,3.47,0.81,0.00,0.31,0.00,0.29,0.00,2.85,0.18,0.07,0.00,0.26,0.69,0.25,1.04,1.04,0.12,1.09,4.43,0.94,0.00,0.24,0.96,0.59,0.00,0.31,3.11,0.27,1.18,0.14,0.00,0.44,0.66,0.37,0.53,0.40,0.27,0.26,0.77,0.26,0.00,0.45,0.31,0.34,0.00,0.38,1.04,0.32,0.00,0.41,0.00,0.32
Batch 2,BQ9709,YAS010 ,IN,1-Apr-13,3-Apr-13,17:40,15:15,2785,0.00,1.33,3.36,0.64,0.00,5.74,0.00,1.02,0.00,0.64,0.00,0.94,0.00,0.36,0.00,0.33,0.00,3.30,2.07,0.08,0.00,0.30,0.62,0.29,4.12,1.21,0.14,1.26,13.32,1.08,0.00,0.28,2.99,0.68,2.92,0.35,9.07,0.32,2.80,0.17,1.89,0.51,3.09,0.43,7.26,0.47,0.78,0.30,0.48,0.30,3.24,0.52,0.69,0.39,57.80,0.44,3.04,0.37,1254.60,0.48,0.80,0.37
Batch 2,BQ9718,YAS010 ,OUT,1-Apr-13,3-Apr-13,17:40,15:15,2785,0.00,1.33,2.93,0.64,0.00,5.74,0.00,1.02,0.00,0.64,1.49,0.94,0.00,0.36,0.00,0.33,0.00,3.30,0.16,0.08,0.00,0.30,0.71,0.29,0.52,1.21,0.18,1.26,2.30,1.08,0.00,0.28,0.62,0.68,0.00,0.35,1.73,0.32,0.66,0.17,0.00,0.51,0.00,0.43,0.00,0.47,0.00,0.30,0.38,0.30,0.00,0.52,0.00,0.39,1.24,0.44,0.67,0.37,20.14,0.48,0.00,0.37
Batch 2,BQ8825,YAS011 ,IN,1-Apr-13,3-Apr-13,17:15,18:00,2925,0.00,1.27,5.08,0.61,0.00,5.46,0.00,0.98,0.00,0.61,4.70,0.90,0.00,0.34,0.00,0.31,0.00,3.14,2.48,0.08,0.00,0.29,1.46,0.28,2.01,1.15,0.00,1.20,10.37,1.03,0.00,0.27,1.90,0.65,0.49,0.34,4.96,0.30,2.37,0.16,1.24,0.49,3.92,0.41,1.70,0.44,0.42,0.29,0.80,0.29,0.93,0.49,0.44,0.37,15.66,0.41,1.98,0.35,0.00,0.46,0.00,0.35
Batch 2,BQ8799,YAS011 ,OUT,1-Apr-13,3-Apr-13,17:15,18:00,2925,0.00,1.27,11.44,0.61,0.00,5.46,0.00,0.98,0.00,0.61,4.59,0.90,0.00,0.34,1.90,0.31,0.00,3.14,0.20,0.08,0.00,0.29,1.76,0.28,2.14,1.15,0.00,1.20,3.57,1.03,0.00,0.27,0.95,0.65,0.96,0.34,3.02,0.30,1.17,0.16,0.00,0.49,0.63,0.41,2.61,0.44,0.45,0.29,0.39,0.29,0.00,0.49,0.40,0.37,0.00,0.41,1.36,0.35,0.00,0.46,0.00,0.35
Batch 2,BQ8819,YAS013 ,IN,4-Apr-13,6-Apr-13,13:45,15:00,2955,0.00,1.26,0.00,0.60,0.00,5.41,0.00,0.97,0.00,0.60,0.00,0.89,0.00,0.34,0.00,0.31,0.00,3.11,0.03,0.08,0.00,0.29,0.00,0.28,0.00,1.14,0.00,1.19,0.00,1.02,0.00,0.26,0.17,0.64,0.00,0.33,0.14,0.30,0.03,0.16,0.00,0.48,0.00,0.40,0.56,0.44,0.00,0.29,0.00,0.28,0.00,0.49,0.00,0.37,0.00,0.41,0.00,0.34,0.96,0.45,0.00,0.35
Batch 2,BQ8831,YAS013 ,OUT,4-Apr-13,6-Apr-13,13:45,15:00,2955,0.00,1.26,0.00,0.60,0.00,5.41,0.00,0.97,0.00,0.60,0.00,0.89,0.00,0.34,0.00,0.31,0.00,3.11,0.01,0.08,0.00,0.29,0.00,0.28,0.34,1.14,0.00,1.19,0.00,1.02,0.00,0.26,0.18,0.64,0.00,0.33,0.19,0.30,0.12,0.16,0.00,0.48,0.00,0.40,0.00,0.44,0.00,0.29,0.00,0.28,0.00,0.49,0.00,0.37,0.00,0.41,0.00,0.34,0.00,0.45,0.00,0.35
Batch 3,BQ8803,YAS032 ,OUT,19-Jul-13,21-Jul-13,11:40,12:50,2950,0.00,1.25,0.00,0.77,0.00,5.41,0.00,3.58,0.00,0.59,0.00,0.89,0.00,0.33,0.00,0.31,0.59,0.52,0.03,0.12,0.00,0.63,0.51,0.27,1.14,0.70,0.00,0.15,0.00,10.89,0.00,0.26,0.26,0.10,0.00,0.33,0.56,0.20,0.32,0.42,0.00,0.50,0.00,0.40,0.00,0.43,0.00,0.28,0.00,0.28,0.00,0.48,0.00,0.36,0.00,0.48,0.00,0.18,0.00,0.57,0.00,0.66
Batch 3,BQ8804,YAS029 ,IN,19-Jul-13,21-Jul-13,13:00,13:20,2900,0.00,1.27,0.00,0.78,0.00,5.51,0.00,3.64,0.00,0.60,0.30,0.91,0.00,0.34,0.00,0.32,3.79,0.53,0.02,0.12,0.00,0.64,0.48,0.28,1.55,0.72,0.00,0.15,0.00,11.07,0.00,0.26,0.47,0.10,0.00,0.33,1.57,0.20,0.66,0.42,0.00,0.51,0.52,0.40,0.72,0.44,0.00,0.29,0.36,0.28,0.00,0.49,0.00,0.37,0.71,0.48,0.46,0.19,0.00,0.58,0.00,0.67
Batch 3,BQ8810,YAS032 ,IN,19-Jul-13,21-Jul-13,11:40,12:50,2950,0.00,1.25,0.00,0.77,0.00,5.41,0.00,3.58,0.00,0.59,0.28,0.89,0.00,0.33,0.00,0.31,23.59,0.52,4.52,0.12,0.00,0.63,0.55,0.27,1.20,0.70,0.00,0.15,0.36,10.89,0.00,0.26,0.31,0.10,0.48,0.33,0.73,0.20,0.46,0.42,0.21,0.50,9.94,0.40,0.00,0.43,0.00,0.28,0.00,0.28,2.09,0.48,0.00,0.36,52.05,0.48,0.00,0.18,0.00,0.57,0.00,0.66
Batch 3,BQ9494,YAS0226 ,OUT,26-Jul-13,28-Jul-13,12:30,12:30,2880,0.00,1.28,0.00,0.79,0.00,5.54,0.00,3.66,0.00,0.61,0.00,0.92,0.00,0.34,0.00,0.32,0.32,0.54,0.07,0.12,0.00,0.65,0.42,0.28,0.73,0.72,0.00,0.15,104.04,11.15,2.00,0.27,0.29,0.10,1.30,0.34,1.09,0.21,0.42,0.43,0.00,0.51,0.00,0.41,0.50,0.44,0.00,0.29,0.37,0.29,0.00,0.49,0.00,0.37,0.66,0.49,0.50,0.19,0.00,0.59,0.00,0.67
Batch 3,BQ9496,YAS027 ,IN,22-Jul-13,25-Jul-13,16:30,15:45,4275,0.00,0.86,31.58,0.53,0.00,3.73,0.00,2.47,0.00,0.41,17.67,0.62,0.00,0.23,10.10,0.22,7.47,0.36,5.20,0.08,4.84,0.44,0.66,0.19,7.23,0.49,0.00,0.10,32.08,7.51,0.00,0.18,6.21,0.07,1.16,0.23,24.41,0.14,8.17,0.29,0.98,0.35,5.45,0.27,1.01,0.30,2.04,0.20,2.22,0.19,5.43,0.33,1.78,0.25,17.47,0.33,7.70,0.13,1.14,0.40,2.11,0.45
Batch 3,BQ9497,YAS025 ,OUT,25-Jul-13,27-Jul-13,16:10,12:00,2630,0.00,1.40,0.00,0.86,0.00,6.07,0.00,4.01,0.00,0.67,0.00,1.00,0.00,0.37,0.00,0.35,1.06,0.59,0.17,0.14,0.00,0.71,0.53,0.31,0.53,0.79,0.03,0.17,0.00,12.21,0.00,0.29,0.31,0.11,0.00,0.37,0.92,0.23,0.45,0.47,0.00,0.56,0.00,0.45,0.51,0.48,0.00,0.32,0.00,0.31,0.00,0.54,0.00,0.41,0.00,0.53,0.00,0.21,0.00,0.64,0.00,0.74
Batch 3,BQ9503,YAS028 ,OUT,22-Jul-13,25-Jul-13,15:10,16:10,4380,0.00,0.84,0.00,0.52,0.00,3.65,0.00,2.41,0.00,0.40,0.22,0.60,0.00,0.22,0.00,0.21,0.15,0.35,0.37,0.08,0.00,0.43,0.49,0.18,0.67,0.47,0.01,0.10,0.31,7.33,0.00,0.18,0.31,0.06,0.00,0.22,1.29,0.14,0.56,0.28,0.00,0.34,0.58,0.27,0.00,0.29,0.00,0.19,0.24,0.19,0.00,0.32,0.00,0.24,1.81,0.32,0.26,0.12,1.22,0.39,0.00,0.44
Batch 3,BQ9506,YAS0267 ,OUT,22-Jul-13,25-Jul-13,16:30,15:45,4275,0.00,0.86,0.00,0.53,0.00,3.73,0.00,2.47,0.00,0.41,0.35,0.62,0.00,0.23,0.00,0.22,0.00,0.36,0.06,0.08,0.00,0.44,0.41,0.19,0.12,0.49,0.00,0.10,0.00,7.51,0.00,0.18,0.14,0.07,0.00,0.23,0.48,0.14,0.19,0.29,0.00,0.35,0.35,0.27,0.00,0.30,0.00,0.20,0.20,0.19,0.00,0.33,0.00,0.25,0.00,0.33,0.29,0.13,0.00,0.40,0.00,0.45
Batch 3,BQ9512,YAS028 ,IN,22-Jul-13,25-Jul-13,15:10,16:10,4380,0.00,0.84,5.70,0.52,0.00,3.65,4.54,2.41,0.00,0.40,0.98,0.60,0.00,0.22,0.00,0.21,10.80,0.35,20.82,0.08,0.00,0.43,0.51,0.18,3.00,0.47,0.02,0.10,4.04,7.33,0.00,0.18,1.61,0.06,1.25,0.22,6.63,0.14,2.80,0.28,0.88,0.34,14.69,0.27,1.56,0.29,0.29,0.19,0.29,0.19,4.17,0.32,0.35,0.24,124.06,0.32,1.23,0.12,36.33,0.39,2.35,0.44
Batch 3,BQ9514,YAS020 ,IN,26-Jul-13,28-Jul-13,14:35,13:20,2805,0.00,1.31,12.84,0.81,0.00,5.69,0.00,3.76,0.00,0.62,1.83,0.94,0.00,0.35,0.00,0.33,10.65,0.55,10.39,0.13,0.00,0.67,1.96,0.29,2.22,0.74,0.53,0.16,21.27,11.45,1.11,0.27,3.09,0.10,15.95,0.35,10.24,0.21,4.33,0.44,1.57,0.53,6.16,0.42,27.06,0.45,2.52,0.30,6.47,0.29,1.71,0.50,2.83,0.38,111.47,0.50,8.76,0.19,10.39,0.60,3.21,0.69
Batch 3,BQ9534,YAS020 ,OUT,26-Jul-13,28-Jul-13,14:35,13:20,2805,0.00,1.31,0.00,0.81,0.00,5.69,0.00,3.76,0.00,0.62,0.00,0.94,0.00,0.35,0.00,0.33,0.00,0.55,0.08,0.13,0.00,0.67,0.44,0.29,0.88,0.74,0.00,0.16,0.00,11.45,0.00,0.27,0.31,0.10,0.00,0.35,1.23,0.21,0.43,0.44,0.00,0.53,0.71,0.42,0.00,0.45,0.00,0.30,0.35,0.29,0.00,0.50,0.00,0.38,0.00,0.50,0.41,0.19,0.00,0.60,0.00,0.69
Batch 3,BQ9546,YAS025 ,IN,25-Jul-13,27-Jul-13,16:10,12:00,2630,0.00,1.40,0.00,0.86,0.00,6.07,0.00,4.01,0.00,0.67,0.00,1.00,0.00,0.37,0.00,0.35,4.45,0.59,4.85,0.14,0.00,0.71,0.56,0.31,0.49,0.79,0.00,0.17,1.13,12.21,0.00,0.29,0.42,0.11,0.38,0.37,1.22,0.23,0.63,0.47,0.00,0.56,4.55,0.45,0.59,0.48,0.00,0.32,0.34,0.31,1.23,0.54,0.00,0.41,6.49,0.53,0.49,0.21,0.93,0.64,0.00,0.74
Batch 3,BQ9551,YAS033 ,IN,17-Jul-13,21-Jul-13,13:00,13:30,5790,0.00,0.63,2.77,0.39,0.00,2.76,0.00,1.82,0.00,0.30,0.24,0.46,0.00,0.17,0.00,0.16,13.25,0.27,1.41,0.06,0.00,0.32,0.45,0.14,0.40,0.36,0.00,0.08,0.99,5.55,0.00,0.13,6.14,0.05,1.40,0.17,20.30,0.10,4.40,0.21,0.00,0.26,51.94,0.20,3.80,0.22,0.29,0.14,0.28,0.14,12.26,0.24,0.29,0.18,15.97,0.24,1.06,0.09,0.18,0.29,0.00,0.33
Batch 3,BQ9569,YAS033 ,OUT,17-Jul-13,19-Jul-13,13:00,13:50,2930,0.00,1.25,3.36,0.77,0.00,5.45,0.00,3.60,0.00,0.60,0.00,0.90,0.00,0.34,0.00,0.32,0.07,0.53,0.06,0.12,0.00,0.64,0.49,0.28,0.00,0.71,0.00,0.15,0.00,10.96,0.00,0.26,0.16,0.10,0.00,0.33,0.56,0.20,0.28,0.42,0.00,0.51,0.68,0.40,0.00,0.43,0.00,0.28,0.00,0.28,0.00,0.48,0.00,0.37,0.00,0.48,0.29,0.19,0.00,0.58,0.00,0.66
Batch 3,BQ9572,YAS026 ,IN,26-Jul-13,28-Jul-13,12:30,12:30,2880,0.00,1.28,19.49,0.79,65.83,5.54,0.00,3.66,0.00,0.61,2.80,0.92,0.00,0.34,0.00,0.32,17.45,0.54,2.61,0.12,1.64,0.65,1.55,0.28,10.18,0.72,0.32,0.15,3855.91,11.15,36.24,0.27,8.50,0.10,45.32,0.34,36.27,0.21,14.95,0.43,5.89,0.51,4.71,0.41,24.62,0.44,14.39,0.29,13.32,0.29,3.84,0.49,13.41,0.37,119.59,0.49,51.46,0.19,12.75,0.59,3.64,0.67
Batch 3,BQ9598,YAS031 ,IN,17-Jul-13,19-Jul-13,10:00,14:15,3255,0.00,1.13,15.28,0.70,0.00,4.91,0.00,3.24,0.00,0.54,0.60,0.81,0.00,0.30,0.00,0.28,5.97,0.47,2.84,0.11,0.00,0.57,0.49,0.25,0.33,0.64,0.01,0.14,0.55,9.87,0.00,0.24,0.30,0.09,0.00,0.30,0.74,0.18,0.30,0.38,0.54,0.46,18.43,0.36,0.00,0.39,0.00,0.26,0.00,0.25,2.73,0.43,0.00,0.33,9.15,0.43,0.00,0.17,0.00,0.52,0.00,0.60
Batch 3,BQ9623,YAS030 ,IN,15-Jul-13,17-Jul-13,12:30,11:10,2800,0.00,1.31,6.95,0.81,0.00,5.70,0.00,3.77,0.00,0.63,0.00,0.94,0.00,0.35,0.00,0.33,13.01,0.55,3.58,0.13,0.00,0.67,0.58,0.29,0.03,0.74,0.00,0.16,5.42,11.47,0.00,0.27,0.29,0.10,0.00,0.35,0.74,0.21,0.31,0.44,0.44,0.53,47.50,0.42,0.00,0.45,0.00,0.30,0.00,0.29,15.64,0.51,0.30,0.38,44.79,0.50,0.97,0.19,1114.52,0.61,0.00,0.69
Batch 3,BQ9627,YAS029 ,OUT,19-Jul-13,21-Jul-13,13:00,13:20,2900,0.00,1.27,7.59,0.78,0.00,5.51,0.00,3.64,0.00,0.60,0.46,0.91,0.00,0.34,0.00,0.32,4.45,0.53,4.77,0.12,0.00,0.64,0.45,0.28,0.31,0.72,0.00,0.15,0.27,11.07,0.00,0.26,0.33,0.10,0.00,0.33,1.26,0.20,0.46,0.42,0.63,0.51,14.43,0.40,0.00,0.44,0.00,0.29,0.29,0.28,2.91,0.49,0.00,0.37,179.10,0.48,0.63,0.19,0.00,0.58,0.00,0.67
Batch 3,BQ9710,YAS031 ,OUT,17-Jul-13,19-Jul-13,10:00,14:15,3255,0.00,1.13,0.00,0.70,0.00,4.91,0.00,3.24,0.00,0.54,0.11,0.81,0.00,0.30,0.00,0.28,0.00,0.47,0.04,0.11,0.00,0.57,0.41,0.25,0.03,0.64,0.00,0.14,0.00,9.87,0.00,0.24,0.12,0.09,0.00,0.30,0.46,0.18,0.23,0.38,0.00,0.46,0.00,0.36,0.00,0.39,0.00,0.26,0.00,0.25,0.00,0.43,0.00,0.33,0.00,0.43,0.25,0.17,0.00,0.52,0.00,0.60
Batch 3,BQ9888,YAS030 ,OUT,15-Jul-13,17-Jul-13,12:30,11:10,2800,0.00,1.31,0.00,0.81,0.00,5.70,0.00,3.77,0.00,0.63,0.00,0.94,0.00,0.35,0.00,0.33,0.00,0.55,0.04,0.13,0.00,0.67,0.46,0.29,0.00,0.74,0.00,0.16,0.00,11.47,0.00,0.27,0.04,0.10,0.00,0.35,0.04,0.21,0.00,0.44,0.00,0.53,0.00,0.42,0.00,0.45,0.00,0.30,0.00,0.29,0.00,0.51,0.00,0.38,0.00,0.50,0.00,0.19,2.98,0.61,0.00,0.69
Batch 4,BQ9846,YAS040,IN,23-Aug-13,25-Aug-13,9:15,17:30,3375,0.00,1.08,1.00,1.09,0.00,4.72,0.00,0.43,0.00,0.51,4.20,1.37,0.00,0.30,1.41,0.27,0.00,0.92,1.68,0.05,0.00,0.54,0.61,0.23,0.12,0.83,0.53,0.83,9.88,0.74,0.00,0.23,0.77,0.11,0.55,0.28,1.24,0.27,0.59,0.22,1.27,0.34,11.80,0.37,22.42,0.42,0.00,0.24,0.24,0.25,4.18,0.42,0.00,0.31,21.59,0.54,0.00,0.17,0.00,0.77,0.00,0.73
Batch 4,BQ9871,YAS040,OUT,23-Aug-13,25-Aug-13,9:15,17:30,3375,0.00,1.08,0.00,1.09,0.00,4.72,0.00,0.43,0.00,0.51,0.38,1.37,0.00,0.30,0.00,0.27,0.00,0.92,0.03,0.05,0.00,0.54,0.61,0.23,0.00,0.83,0.33,0.83,0.55,0.74,0.00,0.23,0.10,0.11,0.00,0.28,0.29,0.27,0.07,0.22,0.00,0.34,0.48,0.37,0.00,0.42,0.00,0.24,0.00,0.25,0.00,0.42,0.00,0.31,0.00,0.54,0.19,0.17,0.00,0.77,0.00,0.73
Batch 4,BQ9866,YAS041,IN,23-Aug-13,25-Aug-13,11:45,17:40,3235,0.00,1.12,1.67,1.14,0.00,4.93,0.00,0.45,0.00,0.53,0.58,1.43,0.00,0.31,0.00,0.28,0.00,0.96,1.30,0.05,0.00,0.57,0.53,0.25,0.12,0.87,0.34,0.86,2.68,0.77,0.00,0.24,0.68,0.11,1.27,0.30,1.17,0.28,0.48,0.23,0.79,0.36,7.70,0.38,1.85,0.43,0.00,0.25,0.00,0.26,2.59,0.43,0.00,0.32,24.22,0.56,0.00,0.17,0.00,0.81,0.00,0.76
Batch 4,BQ9876,YAS041,OUT,23-Aug-13,25-Aug-13,11:45,17:40,3235,0.00,1.12,0.78,1.14,0.00,4.93,0.00,0.45,0.00,0.53,1.76,1.43,0.00,0.31,0.00,0.28,0.00,0.96,0.04,0.05,0.00,0.57,0.64,0.25,0.00,0.87,0.34,0.86,0.77,0.77,0.00,0.24,0.22,0.11,0.00,0.30,0.55,0.28,0.21,0.23,0.00,0.36,0.50,0.38,0.00,0.43,0.00,0.25,0.00,0.26,0.00,0.43,0.00,0.32,1.19,0.56,0.20,0.17,0.00,0.81,0.00,0.76
Batch 4,BQ9860,YAS042,IN,23-Aug-13,25-Aug-13,16:18,17:35,2897,0.00,1.25,2.16,1.27,0.00,5.50,0.00,0.50,0.00,0.59,2.16,1.60,0.00,0.35,0.00,0.31,0.00,1.07,2.97,0.06,0.00,0.63,0.83,0.27,0.75,0.97,0.38,0.96,16.32,0.86,0.00,0.26,1.02,0.13,1.42,0.33,2.13,0.31,0.84,0.26,1.08,0.40,4.65,0.43,1.78,0.49,0.26,0.28,0.42,0.29,2.28,0.49,0.42,0.36,49.92,0.63,0.00,0.19,0.00,0.90,0.00,0.85
Batch 4,BQ9880,YAS042,OUT,23-Aug-13,25-Aug-13,16:18,17:35,2897,0.00,1.25,0.00,1.27,0.00,5.50,0.00,0.50,0.00,0.59,0.00,1.60,0.00,0.35,0.00,0.31,0.00,1.07,0.04,0.06,0.00,0.63,0.60,0.27,0.14,0.97,0.27,0.96,7.70,0.86,0.00,0.26,0.11,0.13,0.00,0.33,0.48,0.31,0.24,0.26,0.00,0.40,0.00,0.43,0.00,0.49,0.00,0.28,0.00,0.29,0.00,0.49,0.00,0.36,0.00,0.63,0.00,0.19,0.00,0.90,0.00,0.85
Batch 4,BQ8968,YAS043,IN,28-Aug-13,30-Aug-13,17:00,12:28,2608,0.00,1.39,4.40,1.41,0.00,6.11,0.17,0.56,0.00,0.66,1.51,1.78,0.00,0.39,0.00,0.35,0.00,1.19,8.25,0.06,0.00,0.70,0.53,0.30,0.72,1.08,0.00,1.07,125.51,0.95,0.00,0.29,0.85,0.14,0.00,0.37,1.91,0.35,0.76,0.29,0.00,0.44,13.25,0.48,0.00,0.54,0.00,0.31,0.47,0.32,3.38,0.54,0.00,0.40,19.00,0.70,0.00,0.21,0.00,1.00,0.00,0.95
Batch 4,BQ8900,YAS043,OUT,28-Aug-13,30-Aug-13,17:00,12:28,2608,0.00,1.39,1.85,1.41,0.00,6.11,0.00,0.56,0.00,0.66,0.95,1.78,0.00,0.39,0.00,0.35,0.00,1.19,0.16,0.06,0.00,0.70,0.40,0.30,0.72,1.08,0.00,1.07,1.71,0.95,0.00,0.29,0.41,0.14,0.00,0.37,1.45,0.35,0.60,0.29,0.00,0.44,0.46,0.48,0.00,0.54,0.00,0.31,0.00,0.32,0.00,0.54,0.00,0.40,0.95,0.70,0.56,0.21,0.00,1.00,0.00,0.95
Batch 4,BQ8868,YAS044,IN,28-Aug-13,30-Aug-13,15:18,17:30,3012,0.00,1.21,2.18,1.22,0.00,5.29,0.00,0.48,0.00,0.57,1.60,1.54,0.00,0.34,0.00,0.30,0.00,1.03,0.72,0.05,0.00,0.61,0.57,0.26,0.82,0.93,0.00,0.93,1.37,0.83,0.00,0.25,0.48,0.12,0.00,0.32,1.25,0.30,0.52,0.25,0.00,0.38,14.24,0.41,0.75,0.47,0.00,0.27,0.27,0.28,2.93,0.47,0.00,0.35,19.64,0.61,0.00,0.19,0.00,0.87,0.00,0.82
Batch 4,BQ8942,YAS044,OUT,28-Aug-13,30-Aug-13,15:18,17:30,3012,0.00,1.21,1.79,1.22,0.00,5.29,0.00,0.48,0.00,0.57,2.08,1.54,0.00,0.34,0.00,0.30,0.00,1.03,0.14,0.05,0.00,0.61,0.34,0.26,1.32,0.93,0.00,0.93,2.12,0.83,0.00,0.25,0.61,0.12,0.00,0.32,2.05,0.30,0.81,0.25,0.00,0.38,0.83,0.41,0.75,0.47,0.00,0.27,0.41,0.28,0.00,0.47,0.00,0.35,1.58,0.61,0.62,0.19,0.00,0.87,0.00,0.82
Batch 4,BQ8917,YAS045,IN,28-Aug-13,30-Aug-13,18:33,18:30,2877,0.00,1.26,6.29,1.28,0.00,5.54,0.36,0.51,0.00,0.60,8.48,1.61,0.00,0.35,3.97,0.32,0.00,1.08,1.87,0.06,0.00,0.64,0.60,0.28,17.27,0.97,0.00,0.97,21.85,0.86,0.00,0.27,3.92,0.13,0.91,0.33,12.38,0.31,4.48,0.26,1.09,0.40,10.33,0.43,0.00,0.49,1.32,0.29,0.99,0.29,2.91,0.49,1.00,0.37,35.33,0.63,4.23,0.19,0.00,0.91,0.00,0.86
Batch 4,BQ8964,YAS045,OUT,28-Aug-13,30-Aug-13,18:33,18:30,2877,0.00,1.26,2.78,1.28,0.00,5.54,0.00,0.51,0.00,0.60,2.08,1.61,0.00,0.35,0.00,0.32,0.00,1.08,0.14,0.06,0.00,0.64,0.48,0.28,1.07,0.97,0.00,0.97,1.43,0.86,0.00,0.27,0.51,0.13,0.00,0.33,1.59,0.31,0.54,0.26,0.00,0.40,0.72,0.43,0.00,0.49,0.00,0.29,0.43,0.29,0.00,0.49,0.00,0.37,1.34,0.63,0.51,0.19,0.00,0.91,0.00,0.86
Batch 4,GS4728,YAS050,IN,23-Sep-13,25-Sep-13,10:50,13:00,3010,0.00,1.21,4.67,1.22,0.00,5.29,0.63,0.48,0.00,0.57,3.25,1.54,0.00,0.34,0.00,0.30,0.00,1.03,9.19,0.05,0.00,0.61,0.57,0.26,1.51,0.93,0.00,0.93,8.59,0.83,0.00,0.25,1.74,0.12,1.61,0.32,3.77,0.30,1.24,0.25,0.85,0.38,6.23,0.41,3.22,0.47,0.38,0.27,0.27,0.28,1.90,0.47,0.27,0.35,56.09,0.61,0.00,0.19,4.48,0.87,0.00,0.82
Batch 4,GS4639,YAS051,IN,23-Sep-13,25-Sep-13,12:55,13:00,2885,0.00,1.26,2.67,1.28,0.00,5.52,0.46,0.50,0.00,0.60,0.65,1.61,0.00,0.35,0.00,0.32,0.00,1.08,0.34,0.06,0.00,0.64,0.36,0.27,0.00,0.97,0.00,0.97,4.58,0.86,0.00,0.27,0.64,0.13,6.99,0.33,1.86,0.31,0.69,0.26,0.00,0.40,2.24,0.43,8.22,0.49,0.00,0.28,0.42,0.29,0.92,0.49,0.28,0.36,7.67,0.63,0.94,0.19,14.32,0.91,0.00,0.85
Batch 4,GS4773,YAS051,OUT,23-Sep-13,25-Sep-13,12:55,13:00,2885,0.00,1.26,0.00,1.28,0.00,5.52,0.00,0.50,0.00,0.60,0.00,1.61,0.00,0.35,0.00,0.32,0.00,1.08,0.04,0.06,0.00,0.64,0.48,0.27,0.00,0.97,0.00,0.97,0.76,0.86,0.00,0.27,0.24,0.13,0.00,0.33,0.76,0.31,0.24,0.26,0.00,0.40,0.41,0.43,0.00,0.49,0.00,0.28,0.00,0.29,0.00,0.49,0.00,0.36,0.00,0.63,0.22,0.19,0.51,0.91,0.00,0.85
Batch 4,GS4724,YAS052,IN,25-Sep-13,26-Sep-13,11:00,13:00,1560,0.00,2.33,6.24,2.36,0.00,10.22,0.00,0.93,0.00,1.10,6.64,2.97,0.00,0.65,0.00,0.58,0.00,1.99,3.27,0.11,0.00,1.18,0.44,0.51,1.40,1.80,0.00,1.79,9.72,1.60,0.00,0.49,1.66,0.23,0.00,0.62,5.74,0.58,1.84,0.48,0.00,0.74,3.58,0.80,1.19,0.90,0.49,0.53,1.31,0.54,1.70,0.90,0.53,0.67,7.16,1.17,1.73,0.36,1.25,1.68,0.00,1.58
Batch 4,GS4662,YAS052,OUT,25-Sep-13,26-Sep-13,11:00,13:00,1560,0.00,2.33,1.98,2.36,0.00,10.22,0.09,0.93,0.00,1.10,3.27,2.97,0.00,0.65,0.00,0.58,0.00,1.99,0.26,0.11,0.00,1.18,0.22,0.51,0.07,1.80,0.00,1.79,2.85,1.60,0.00,0.49,0.69,0.23,0.00,0.62,2.68,0.58,1.00,0.48,0.00,0.74,1.05,0.80,0.00,0.90,0.24,0.53,0.52,0.54,0.00,0.90,0.00,0.67,0.00,1.17,0.68,0.36,0.64,1.68,0.00,1.58
Batch 4,GS4544,YAS061,IN,14-Oct-13,16-Oct-13,12:00,10:00,2760,0.00,1.32,3.32,1.33,0.00,5.77,0.05,0.53,0.00,0.62,1.42,1.68,0.00,0.37,0.00,0.33,0.00,1.12,1.00,0.06,0.00,0.67,0.37,0.29,1.33,1.02,0.00,1.01,13.84,0.90,0.00,0.28,0.94,0.13,0.00,0.35,2.09,0.33,0.88,0.27,0.00,0.42,7.27,0.45,0.00,0.51,0.00,0.30,0.44,0.30,1.44,0.51,0.00,0.38,10.17,0.66,0.00,0.20,0.88,0.95,0.00,0.89
Batch 4,GS4512,YAS061,OUT,14-Oct-13,16-Oct-13,12:00,10:00,2760,0.00,1.32,0.00,1.33,0.00,5.77,0.00,0.53,0.00,0.62,0.00,1.68,0.00,0.37,0.00,0.33,1.13,1.12,0.04,0.06,0.00,0.67,0.62,0.29,0.25,1.02,0.00,1.01,3.38,0.90,0.00,0.28,0.66,0.13,0.00,0.35,2.67,0.33,0.88,0.27,0.00,0.42,0.43,0.45,0.00,0.51,0.28,0.30,0.59,0.30,0.00,0.51,0.30,0.38,0.73,0.66,0.68,0.20,0.53,0.95,0.00,0.89
Batch 4,GS4532,YAS064,IN,15-Oct-13,17-Oct-13,16:41,9:00,2419,0.00,1.50,2.35,1.52,0.00,6.59,0.00,0.60,0.00,0.71,1.02,1.92,0.00,0.42,0.00,0.38,0.00,1.28,0.53,0.07,0.00,0.76,0.29,0.33,0.04,1.16,0.00,1.16,2.91,1.03,0.00,0.32,0.45,0.15,0.00,0.40,1.23,0.37,0.46,0.31,0.34,0.48,6.12,0.51,0.00,0.58,0.00,0.34,0.00,0.35,2.19,0.58,0.00,0.43,15.95,0.75,0.61,0.23,7.55,1.08,0.00,1.02
Batch 4,GS4565,YAS064,OUT,15-Oct-13,17-Oct-13,16:41,9:00,2419,0.00,1.50,0.00,1.52,0.00,6.59,0.00,0.60,0.00,0.71,1.50,1.92,0.00,0.42,0.00,0.38,0.00,1.28,0.17,0.07,0.00,0.76,0.43,0.33,0.00,1.16,0.00,1.16,1.71,1.03,0.00,0.32,0.29,0.15,0.00,0.40,1.23,0.37,0.46,0.31,0.00,0.48,1.22,0.51,0.00,0.58,0.00,0.34,0.00,0.35,0.55,0.58,0.00,0.43,1.78,0.75,0.44,0.23,0.61,1.08,0.00,1.02
Batch 4,GS4574,YAS065,IN,17-Oct-13,19-Oct-13,16:00,10:15,2535,0.00,1.43,3.61,1.45,0.00,6.29,0.00,0.57,0.00,0.68,0.63,1.83,0.00,0.40,0.00,0.36,0.00,1.22,6.06,0.07,0.00,0.72,2.04,0.31,0.63,1.11,0.00,1.10,6.36,0.98,0.00,0.30,1.02,0.14,0.00,0.38,2.28,0.36,0.96,0.29,1.01,0.46,33.72,0.49,0.00,0.55,0.00,0.32,0.00,0.33,7.48,0.56,0.00,0.41,110.23,0.72,0.00,0.22,20.27,1.03,0.00,0.97
Batch 4,GS4534,YAS065,OUT,17-Oct-13,19-Oct-13,16:00,10:15,2535,0.00,1.43,2.13,1.45,0.00,6.29,0.00,0.57,0.00,0.68,1.20,1.83,0.00,0.40,0.00,0.36,1.59,1.22,0.28,0.07,0.00,0.72,0.95,0.31,0.39,1.11,0.00,1.10,2.01,0.98,0.00,0.30,0.43,0.14,0.00,0.38,1.65,0.36,0.61,0.29,0.00,0.46,1.34,0.49,0.41,0.55,0.00,0.32,0.00,0.33,0.00,0.56,0.00,0.41,3.14,0.72,0.58,0.22,0.96,1.03,0.00,0.97
Batch 4,GS4524,YAS066,IN,18-Oct-12,20-Oct-13,10:00,11:00,2940,0.00,1.23,0.00,1.25,0.00,5.42,0.00,0.49,0.00,0.59,1.34,1.58,0.00,0.35,0.00,0.31,0.00,1.06,2.13,0.06,0.00,0.62,0.59,0.27,0.44,0.95,0.00,0.95,6.92,0.85,0.00,0.26,1.01,0.12,0.64,0.33,2.77,0.31,1.12,0.25,3.81,0.39,19.82,0.42,0.00,0.48,0.39,0.28,0.83,0.28,6.60,0.48,0.28,0.36,43.12,0.62,0.00,0.19,0.00,0.89,0.00,0.84
Batch 4,GS4587,YAS066,OUT,18-Oct-13,20-Oct-13,10:00,11:00,2940,0.00,1.23,1.15,1.25,0.00,5.42,0.00,0.49,0.00,0.59,0.84,1.58,0.00,0.35,0.00,0.31,0.00,1.06,0.04,0.06,0.00,0.62,0.59,0.27,0.34,0.95,0.00,0.95,1.96,0.85,0.00,0.26,0.62,0.12,0.00,0.33,2.23,0.31,0.83,0.25,0.00,0.39,1.30,0.42,0.00,0.48,0.39,0.28,0.00,0.28,0.00,0.48,0.00,0.36,2.55,0.62,0.92,0.19,0.34,0.89,0.00,0.84
Batch 5,BQ8687,YAS087,OUT,7-Apr-14,9-Apr-14,11:00,15:00,3120,0.00,1.16,4.35,0.92,0.00,5.09,0.15,0.56,0.00,0.54,1.37,0.52,0.00,0.32,0.81,0.29,0.00,3.10,0.17,0.11,0.00,0.59,0.77,0.25,2.57,1.87,0.00,0.98,2.88,1.13,0.50,0.24,1.73,0.36,0.60,0.30,2.75,0.32,1.06,0.35,0.45,0.57,0.42,0.36,0.26,2.20,0.37,0.26,0.00,0.26,0.00,0.44,0.26,0.33,1.61,0.37,0.79,0.31,0.09,1.11,0.00,0.78
Batch 5,BQ9863,YAS087,IN,7-Apr-14,9-Apr-14,11:00,15:00,3120,0.00,1.16,9.90,0.92,43.61,5.09,0.05,0.56,0.00,0.54,2.03,0.52,0.00,0.32,0.00,0.29,0.00,3.10,2.62,0.11,0.00,0.59,0.66,0.25,9.70,1.87,0.56,0.98,20.25,1.13,0.99,0.24,3.78,0.36,1.08,0.30,10.91,0.32,2.87,0.35,56.08,0.57,3.94,0.36,0.79,2.20,1.58,0.26,1.44,0.26,6.64,0.44,1.58,0.33,81.00,0.37,6.73,0.31,0.70,1.11,0.00,0.78
Batch 5,GS4386,YAS082,OUT,14-Apr-14,16-Apr-14,12:00,11:45,2865,0.00,1.26,4.94,1.00,0.00,5.55,0.16,0.61,0.00,0.59,0.37,0.57,0.00,0.35,0.00,0.31,0.20,3.38,0.09,0.12,0.00,0.64,0.36,0.27,0.21,2.03,0.00,1.07,0.87,1.23,0.00,0.26,0.30,0.39,0.00,0.33,0.50,0.34,0.24,0.38,0.00,0.62,0.00,0.39,2.73,2.39,0.00,0.28,0.00,0.29,0.00,0.48,0.00,0.36,1.12,0.40,0.29,0.34,0.43,1.21,0.00,0.85
Batch 5,GS4416,YAS082,IN,14-Apr-14,16-Apr-14,12:00,11:45,2865,0.00,1.26,1.01,1.00,0.00,5.55,0.00,0.61,0.00,0.59,0.00,0.57,0.00,0.35,0.00,0.31,8.00,3.38,0.70,0.12,0.00,0.64,0.36,0.27,0.31,2.03,0.00,1.07,0.99,1.23,0.00,0.26,0.30,0.39,0.65,0.33,0.63,0.34,0.24,0.38,0.00,0.62,1.53,0.39,1.01,2.39,0.00,0.28,1.28,0.29,0.62,0.48,0.57,0.36,0.00,0.40,2.15,0.34,1.94,1.21,0.00,0.85
Batch 5,GS4431,YAS081,OUT,14-Apr-14,16-Apr-14,11:00,12:20,2960,0.00,1.22,2.34,0.97,0.00,5.37,0.00,0.59,0.00,0.57,0.16,0.55,0.00,0.34,0.00,0.30,0.00,3.27,0.08,0.12,0.00,0.62,0.35,0.26,0.50,1.97,0.00,1.03,0.85,1.19,0.00,0.25,0.29,0.38,0.00,0.32,0.88,0.33,0.38,0.36,0.00,0.60,0.00,0.38,0.00,2.32,0.00,0.27,0.00,0.28,0.00,0.47,0.00,0.35,1.08,0.39,0.42,0.33,0.25,1.17,0.00,0.82
Batch 5,GS4437,YAS080,OUT,2-May-14,5-May-14,12:00,13:00,4380,0.00,0.82,4.42,0.66,0.00,3.63,0.04,0.40,0.00,0.39,1.85,0.37,0.00,0.23,1.09,0.20,0.96,2.21,0.19,0.08,0.00,0.42,0.87,0.18,1.29,1.33,0.00,0.70,2.87,0.80,0.09,0.17,0.63,0.26,0.43,0.22,1.87,0.22,0.65,0.25,0.00,0.40,0.70,0.26,0.38,1.57,0.26,0.18,0.19,0.19,0.00,0.32,0.19,0.24,1.46,0.26,0.66,0.22,0.72,0.79,0.00,0.55
Batch 5,GS4468,YAS081,IN,14-Apr-14,16-Apr-14,11:00,12:20,2960,0.00,1.22,8.39,0.97,0.00,5.37,0.45,0.59,0.00,0.57,5.70,0.55,0.00,0.34,4.29,0.30,0.00,3.27,4.94,0.12,0.00,0.62,0.47,0.26,0.60,1.97,0.00,1.03,12.79,1.19,0.00,0.25,1.18,0.38,0.00,0.32,2.50,0.33,1.11,0.36,0.67,0.60,5.04,0.38,2.51,2.32,0.00,0.27,0.55,0.28,2.98,0.47,0.28,0.35,97.88,0.39,0.83,0.33,1.55,1.17,0.00,0.82
Batch 5,GS4480,YAS080,IN,2-May-14,5-May-14,12:00,13:00,4380,0.00,0.82,3.03,0.66,0.00,3.63,0.31,0.40,0.00,0.39,1.98,0.37,0.00,0.23,1.23,0.20,0.00,2.21,1.06,0.08,0.00,0.42,1.26,0.18,2.58,1.33,0.00,0.70,8.13,0.80,0.09,0.17,1.06,0.26,0.51,0.22,2.87,0.22,0.95,0.25,0.00,0.40,5.71,0.26,0.66,1.57,0.35,0.18,0.28,0.19,1.81,0.32,0.28,0.24,17.63,0.26,1.03,0.22,0.83,0.79,0.00,0.55
Batch 5,NH7851,YAS091,IN,5-May-14,8-May-14,15:00,14:00,4260,0.00,0.85,12.54,0.67,0.00,3.73,0.18,0.41,0.00,0.40,4.92,0.38,0.00,0.24,2.61,0.21,4.46,2.27,2.19,0.08,0.00,0.43,0.49,0.18,3.48,1.37,0.18,0.72,7.52,0.83,0.00,0.18,1.44,0.26,0.70,0.22,5.38,0.23,1.90,0.25,0.46,0.42,31.02,0.27,0.68,1.61,0.71,0.19,0.57,0.19,6.94,0.32,0.58,0.24,20.70,0.27,2.03,0.23,0.29,0.81,0.00,0.57
Batch 5,NH7867,YAS085,IN,28-Apr-14,1-May-14,11:00,18:30,4770,0.00,0.76,2.48,0.60,0.00,3.33,0.10,0.37,0.00,0.35,2.06,0.34,0.00,0.21,2.66,0.19,2.40,2.03,2.82,0.07,0.00,0.39,0.43,0.16,0.06,1.22,0.00,0.64,1.61,0.74,0.00,0.16,0.42,0.24,0.00,0.20,1.05,0.21,0.42,0.23,0.29,0.37,1.84,0.24,0.00,1.44,0.00,0.17,0.00,0.17,1.76,0.29,0.00,0.22,14.66,0.24,0.35,0.20,1.27,0.73,0.00,0.51
Batch 5,NH7911,YAS088,OUT,2-May-14,8-May-14,12:30,15:00,8790,0.00,0.41,2.50,0.33,0.00,1.81,0.00,0.20,0.00,0.19,0.92,0.19,0.00,0.11,0.43,0.10,0.72,1.10,0.06,0.04,0.00,0.21,0.43,0.09,0.37,0.66,0.00,0.35,1.43,0.40,0.04,0.09,0.31,0.13,0.17,0.11,1.11,0.11,0.42,0.12,0.00,0.20,0.25,0.13,0.09,0.78,0.09,0.09,0.14,0.09,0.00,0.16,0.09,0.12,0.78,0.13,0.33,0.11,0.09,0.39,0.00,0.28
Batch 5,NH8198,YAS088,IN,2-May-14,8-May-14,12:30,15:00,8790,0.00,0.41,3.68,0.33,0.00,1.81,0.02,0.20,0.00,0.19,1.59,0.19,0.00,0.11,1.26,0.10,2.20,1.10,0.23,0.04,0.00,0.21,0.39,0.09,0.64,0.66,0.00,0.35,4.12,0.40,0.71,0.09,0.87,0.13,0.38,0.11,3.28,0.11,1.17,0.12,0.00,0.20,0.90,0.13,0.23,0.78,0.30,0.09,0.28,0.09,0.20,0.16,0.23,0.12,3.33,0.13,0.94,0.11,0.20,0.39,0.00,0.28
Batch 5,NH8206,YAS091,OUT,5-May-14,8-May-14,15:00,14:00,4260,0.00,0.85,3.05,0.67,0.00,3.73,0.00,0.41,0.00,0.40,0.87,0.38,0.00,0.24,0.52,0.21,0.98,2.27,0.06,0.08,0.00,0.43,0.49,0.18,0.07,1.37,0.00,0.72,1.43,0.83,0.00,0.18,0.29,0.26,0.00,0.22,1.08,0.23,0.37,0.25,0.00,0.42,1.34,0.27,0.19,1.61,0.00,0.19,0.29,0.19,0.00,0.32,0.00,0.24,1.82,0.27,0.48,0.23,0.18,0.81,0.00,0.57
Batch 5,NH8209,YAS085,OUT,28-Apr-14,1-May-14,11:00,18:30,4770,0.00,0.76,4.18,0.60,0.00,3.33,0.10,0.37,0.00,0.35,1.57,0.34,0.00,0.21,0.93,0.19,0.88,2.03,0.18,0.07,0.00,0.39,0.51,0.16,0.12,1.22,0.00,0.64,2.63,0.74,0.00,0.16,0.42,0.24,0.00,0.20,1.72,0.21,0.60,0.23,0.00,0.37,0.46,0.24,0.17,1.44,0.16,0.17,0.17,0.17,0.00,0.29,0.17,0.22,0.86,0.24,0.52,0.20,0.16,0.73,0.00,0.51
Batch 5,NN7072,YAS083,OUT,13-May-14,15-May-14,13:40,12:40,2820,0.00,1.28,1.95,1.02,0.00,5.64,0.00,0.62,0.00,0.60,0.00,0.58,0.00,0.36,0.00,0.32,0.20,3.43,0.00,0.12,0.00,0.65,0.37,0.28,0.00,2.07,0.00,1.08,0.00,1.25,0.00,0.27,0.04,0.40,0.00,0.34,0.22,0.35,0.09,0.38,0.00,0.63,0.00,0.40,0.00,2.43,0.00,0.29,0.00,0.29,0.00,0.49,0.00,0.37,0.00,0.41,0.00,0.34,0.10,1.23,0.00,0.86
Batch 5,NN7081,YAS083,IN,13-May-14,15-May-14,13:40,12:40,2820,0.00,1.28,2.87,1.02,0.00,5.64,0.00,0.62,0.00,0.60,0.27,0.58,0.00,0.36,0.00,0.32,0.00,3.43,1.34,0.12,0.00,0.65,0.24,0.28,0.21,2.07,0.00,1.08,1.46,1.25,0.00,0.27,0.31,0.40,0.00,0.34,0.64,0.35,0.40,0.38,0.00,0.63,3.89,0.40,0.00,2.43,0.27,0.29,0.29,0.29,1.41,0.49,0.00,0.37,13.94,0.41,0.73,0.34,2.99,1.23,0.00,0.86
Batch 5,NN7107,YAS086,OUT,8-May-14,15-May-14,11:15,13:00,10170,0.00,0.36,1.19,0.28,0.00,1.56,0.00,0.17,0.00,0.17,0.45,0.16,0.00,0.10,0.28,0.09,0.00,0.95,0.72,0.03,0.00,0.18,0.37,0.08,0.32,0.57,0.00,0.30,1.27,0.35,0.00,0.07,0.31,0.11,0.26,0.09,1.04,0.10,0.45,0.11,0.00,0.17,0.91,0.11,0.00,0.67,0.07,0.08,0.20,0.08,0.26,0.14,0.00,0.10,3.15,0.11,0.32,0.10,40.76,0.34,0.00,0.24
Batch 6,NN7094,YAS092,IN,23-Sep-14,25-Sep-14,11:40,11:30,2870,0.00,1.26,0.00,1.08,0.00,5.47,0.33,1.02,0.00,0.59,0.26,0.50,0.00,0.35,0.00,0.33,0.00,0.51,0.89,0.16,0.00,4.01,0.40,0.27,1.00,2.83,0.00,0.23,4.03,0.21,0.00,0.27,0.72,0.29,0.00,0.33,1.14,0.29,0.53,0.14,0.51,0.48,6.40,0.41,0.00,0.44,0.00,0.29,0.00,0.28,2.73,0.49,0.00,0.37,15.04,3.12,0.45,0.34,2.98,0.48,0.00,0.84
Batch 6,NN7129,YAS092,OUT,23-Sep-14,25-Sep-14,11:40,11:30,2870,0.00,1.26,0.00,1.08,0.00,5.47,0.03,1.02,0.00,0.59,0.43,0.50,0.00,0.35,0.00,0.33,0.00,0.51,0.17,0.16,0.00,4.01,0.28,0.27,0.96,2.83,0.00,0.23,0.98,0.21,0.00,0.27,0.31,0.29,0.00,0.33,0.73,0.29,0.30,0.14,0.00,0.48,0.39,0.41,0.00,0.44,0.00,0.29,0.00,0.28,0.00,0.49,0.00,0.37,2.16,3.12,0.00,0.34,2.24,0.48,0.00,0.84
Batch 6,NN7162,YAS093,IN,24-Sep-14,26-Sep-14,10:35,10:35,2880,0.00,1.26,0.00,1.07,0.00,5.45,0.05,1.02,0.00,0.58,1.06,0.50,0.00,0.34,0.00,0.32,0.00,0.51,0.94,0.16,0.00,3.99,0.28,0.27,1.86,2.82,0.00,0.23,2.76,0.21,0.52,0.27,0.62,0.29,0.73,0.33,2.09,0.29,0.66,0.14,0.00,0.47,2.71,0.41,0.00,0.44,0.21,0.29,0.58,0.28,2.94,0.49,0.20,0.37,29.87,3.10,0.58,0.34,0.00,0.48,0.00,0.84
Batch 6,NN7123,YAS093,OUT,24-Sep-14,26-Sep-14,10:35,10:35,2880,0.00,1.26,0.00,1.07,0.00,5.45,0.02,1.02,0.00,0.58,0.62,0.50,0.00,0.34,0.00,0.32,0.00,0.51,0.01,0.16,0.00,3.99,0.26,0.27,1.02,2.82,0.00,0.23,1.34,0.21,0.00,0.27,0.32,0.29,0.00,0.33,1.05,0.29,0.34,0.14,0.00,0.47,0.00,0.41,0.00,0.44,0.00,0.29,0.41,0.28,0.00,0.49,0.00,0.37,0.36,3.10,0.44,0.34,0.00,0.48,0.00,0.84
Batch 6,NN7121,YAS094,IN,24-Sep-14,26-Sep-14,11:45,11:48,2883,0.00,1.25,0.00,1.07,0.00,5.44,0.05,1.02,0.00,0.58,0.64,0.50,0.00,0.34,0.00,0.32,0.00,0.51,0.14,0.16,0.00,3.99,0.24,0.27,1.15,2.82,0.00,0.23,1.84,0.21,0.00,0.27,0.36,0.29,0.00,0.33,0.83,0.29,0.33,0.14,0.00,0.47,0.53,0.41,0.00,0.44,0.00,0.29,0.00,0.28,0.00,0.49,0.00,0.37,10.54,3.10,0.34,0.34,2.25,0.48,0.00,0.84
Batch 6,NN7158,YAS094,OUT,24-Sep-14,26-Sep-14,11:45,11:48,2883,0.00,1.25,0.00,1.07,0.00,5.44,0.01,1.02,0.00,0.58,0.11,0.50,0.00,0.34,0.00,0.32,0.00,0.51,0.02,0.16,0.00,3.99,0.31,0.27,0.72,2.82,0.00,0.23,0.99,0.21,0.00,0.27,0.25,0.29,0.00,0.33,0.68,0.29,0.25,0.14,0.00,0.47,0.00,0.41,0.00,0.44,0.00,0.29,0.00,0.28,0.00,0.49,0.00,0.37,0.28,3.10,0.28,0.34,0.00,0.48,0.00,0.84
Batch 6,NN6530,YAS095,IN,24-Sep-14,26-Sep-14,13:30,11:38,2768,0.00,1.31,0.00,1.12,0.00,5.67,0.05,1.06,0.00,0.61,0.17,0.52,0.00,0.36,0.00,0.34,0.00,0.53,2.20,0.16,0.00,4.15,0.39,0.28,0.45,2.94,0.00,0.24,1.18,0.22,0.00,0.28,0.10,0.30,0.00,0.35,0.63,0.30,0.22,0.14,0.00,0.49,0.89,0.42,0.00,0.45,0.00,0.30,0.00,0.29,0.39,0.51,0.00,0.38,11.24,3.23,0.28,0.35,13.77,0.50,0.00,0.87
Batch 6,NN7151,YAS095,OUT,24-Sep-14,26-Sep-14,13:30,11:38,2768,0.00,1.31,0.00,1.12,0.00,5.67,0.04,1.06,0.00,0.61,0.23,0.52,0.00,0.36,0.00,0.34,0.00,0.53,0.13,0.16,0.00,4.15,0.32,0.28,0.74,2.94,0.00,0.24,0.75,0.22,0.00,0.28,0.19,0.30,0.00,0.35,0.60,0.30,0.19,0.14,0.00,0.49,0.31,0.42,0.00,0.45,0.00,0.30,0.00,0.29,0.00,0.51,0.00,0.38,0.81,3.23,0.26,0.35,0.69,0.50,0.00,0.87
Batch 7,NN7154,YAS005,IN,3-Mar-15,5-Mar-15,11:15,10:45,2850,0.00,1.25,4.01,0.67,0.00,5.43,0.23,0.12,0.00,0.58,0.97,0.17,0.00,0.34,0.48,0.32,2.50,2.19,1.40,0.14,0.00,3.97,0.54,0.27,0.55,1.36,0.00,0.23,2.81,0.15,0.00,0.29,0.62,0.47,0.78,0.35,1.23,0.16,0.64,0.33,0.00,0.48,4.02,0.41,1.68,0.44,0.00,0.30,0.00,0.28,1.59,0.50,0.00,0.37,40.38,0.42,0.00,0.34,30.12,0.48,0.00,0.84
Batch 7,NN7114,YAS005,OUT,3-Mar-15,5-Mar-15,11:15,10:45,2850,0.00,1.25,1.43,0.67,0.00,5.43,0.15,0.12,0.00,0.58,0.23,0.17,0.00,0.34,0.00,0.32,0.00,2.19,0.00,0.14,0.00,3.97,0.47,0.27,0.47,1.36,0.00,0.23,0.73,0.15,0.00,0.29,0.00,0.47,0.00,0.35,0.50,0.16,0.35,0.33,0.00,0.48,0.00,0.41,0.00,0.44,0.00,0.30,0.00,0.28,0.00,0.50,0.00,0.37,0.82,0.42,0.00,0.34,1.21,0.48,0.00,0.84
Batch 7,NN6540,YAS012/14,IN,3-Mar-15,5-Mar-15,13:10,12:33,2843,0.00,1.25,52.39,0.67,0.00,5.44,0.32,0.12,0.00,0.59,22.77,0.17,0.00,0.34,9.64,0.32,5.58,2.20,0.50,0.14,2.82,3.98,0.38,0.27,12.91,1.37,0.00,0.23,44.73,0.15,0.00,0.29,10.65,0.47,1.76,0.35,39.11,0.16,14.35,0.33,0.00,0.48,1.25,0.41,1.25,0.44,3.74,0.30,9.35,0.28,0.75,0.50,3.06,0.37,7.48,0.42,12.27,0.34,0.81,0.49,0.00,0.84
Batch 7,NN7149,YAS012/14,OUT,3-Mar-15,5-Mar-15,13:10,12:33,2843,0.00,1.25,5.76,0.67,0.00,5.44,0.18,0.12,0.00,0.59,2.08,0.17,0.00,0.34,1.12,0.32,0.54,2.20,0.00,0.14,0.00,3.98,0.45,0.27,1.14,1.37,0.00,0.23,3.44,0.15,0.00,0.29,1.00,0.47,0.00,0.35,2.90,0.16,1.24,0.33,0.00,0.48,0.00,0.41,0.74,0.44,0.37,0.30,1.02,0.28,0.00,0.50,0.00,0.37,0.78,0.42,0.86,0.34,0.00,0.49,0.00,0.84
Batch 7,NN7112,YAS017,IN,4-Mar-15,6-Mar-15,14:45,10:00,2595,0.00,1.37,2.84,0.74,0.00,5.96,0.52,0.13,0.00,0.64,0.53,0.18,0.00,0.38,0.37,0.36,0.82,2.41,0.79,0.15,0.00,4.36,0.45,0.30,0.64,1.50,0.00,0.25,1.14,0.16,0.00,0.31,0.53,0.51,0.00,0.38,0.63,0.17,0.47,0.36,0.00,0.52,2.76,0.45,0.99,0.48,0.00,0.33,0.00,0.31,1.55,0.55,0.00,0.41,8.75,0.46,0.00,0.37,0.00,0.53,0.00,0.92
Batch 7,NN7115,YAS017,OUT,4-Mar-15,6-Mar-15,14:45,10:00,2595,0.00,1.37,0.58,0.74,0.00,5.96,0.22,0.13,0.00,0.64,0.08,0.18,0.00,0.38,0.00,0.36,0.55,2.41,0.00,0.15,0.00,4.36,0.39,0.30,0.00,1.50,0.00,0.25,0.11,0.16,0.00,0.31,0.15,0.51,0.00,0.38,0.09,0.17,0.00,0.36,0.00,0.52,0.00,0.45,0.00,0.48,0.00,0.33,0.00,0.31,0.00,0.55,0.00,0.41,0.40,0.46,0.00,0.37,0.00,0.53,0.00,0.92
Batch 7,NN6834,YAS022,IN,20-Apr-15,22-Apr-15,10:15,9:30,2835,0.00,1.26,69.81,0.68,0.00,5.46,0.24,0.12,0.00,0.59,18.56,0.17,0.00,0.34,13.04,0.33,4.17,2.20,7.65,0.14,1.94,4.00,0.54,0.27,8.35,1.37,0.00,0.23,28.32,0.15,0.00,0.29,5.88,0.47,4.43,0.35,17.40,0.16,6.33,0.33,0.00,0.48,11.15,0.42,9.71,0.44,1.25,0.30,3.85,0.28,18.91,0.50,1.16,0.37,116.83,0.42,4.96,0.34,1004.20,0.49,0.00,0.84
Batch 7,NN6847,YAS022,OUT,20-Apr-15,22-Apr-15,10:15,9:30,2835,0.00,1.26,5.01,0.68,0.00,5.46,0.11,0.12,0.00,0.59,1.70,0.17,0.00,0.34,1.10,0.33,0.18,2.20,0.26,0.14,0.00,4.00,0.55,0.27,0.75,1.37,0.00,0.23,1.55,0.15,0.00,0.29,0.54,0.47,0.00,0.35,1.46,0.16,0.76,0.33,0.00,0.48,0.44,0.42,0.00,0.44,0.00,0.30,0.00,0.28,0.00,0.50,0.00,0.37,2.02,0.42,0.59,0.34,18.25,0.49,0.00,0.84
Batch 7,NN6861,YAS023,IN,20-Apr-15,22-Apr-15,11:30,13:45,3015,0.00,1.18,62.15,0.64,0.00,5.13,0.16,0.11,0.00,0.55,25.64,0.16,0.00,0.32,17.07,0.31,1.84,2.07,0.62,0.13,2.10,3.76,0.36,0.26,9.91,1.29,0.00,0.22,48.21,0.14,0.00,0.27,12.18,0.44,2.03,0.33,44.29,0.15,15.19,0.31,0.00,0.45,1.71,0.39,2.12,0.42,4.04,0.28,11.02,0.27,0.00,0.47,3.21,0.35,41.73,0.39,14.05,0.32,83.72,0.46,1.41,0.79
Batch 7,NN6816,YAS023,OUT,20-Apr-15,22-Apr-15,11:30,13:45,3015,0.00,1.18,1.75,0.64,0.00,5.13,0.15,0.11,0.00,0.55,0.61,0.16,0.00,0.32,0.44,0.31,0.68,2.07,0.00,0.13,0.00,3.76,0.41,0.26,0.00,1.29,0.00,0.22,0.83,0.14,0.00,0.27,0.34,0.44,0.00,0.33,0.89,0.15,0.48,0.31,0.00,0.45,0.00,0.39,0.68,0.42,0.00,0.28,0.00,0.27,0.00,0.47,0.00,0.35,0.65,0.39,0.00,0.32,0.00,0.46,0.00,0.79
Batch 7,NN6822,YAS024,IN,20-Apr-15,22-Apr-15,12:45,13:30,2925,0.00,1.22,3.33,0.66,0.00,5.29,0.22,0.12,0.00,0.57,0.66,0.16,0.00,0.33,0.49,0.32,2.04,2.14,3.35,0.13,0.00,3.87,1.02,0.26,0.51,1.33,0.00,0.22,1.74,0.14,0.00,0.28,0.57,0.46,0.00,0.34,1.14,0.15,0.60,0.32,0.00,0.46,4.09,0.40,0.00,0.43,0.00,0.29,0.00,0.28,1.26,0.49,0.00,0.36,17.61,0.41,0.00,0.33,0.69,0.47,0.00,0.82
Batch 7,NN6882,YAS024,OUT,20-Apr-15,22-Apr-15,12:45,13:30,2925,0.00,1.22,4.06,0.66,0.00,5.29,0.28,0.12,0.00,0.57,0.88,0.16,0.00,0.33,0.64,0.32,1.03,2.14,0.20,0.13,0.00,3.87,1.62,0.26,0.80,1.33,0.00,0.22,1.43,0.14,0.00,0.28,0.53,0.46,0.00,0.34,1.18,0.15,0.59,0.32,0.00,0.46,0.00,0.40,0.00,0.43,0.00,0.29,0.33,0.28,0.00,0.49,0.00,0.36,2.65,0.41,0.35,0.33,0.00,0.47,0.00,0.82
Batch 7,NN6819,YAS034,IN,20-Apr-15,22-Apr-15,14:00,14:45,2925,0.00,1.22,13.10,0.66,0.00,5.29,0.19,0.12,0.00,0.57,2.55,0.16,0.00,0.33,2.08,0.32,2.20,2.14,1.79,0.13,0.00,3.87,0.53,0.26,0.27,1.33,0.00,0.22,3.81,0.14,0.00,0.28,0.71,0.46,2.19,0.34,2.30,0.15,0.99,0.32,0.00,0.46,3.97,0.40,1.45,0.43,0.00,0.29,0.00,0.28,1.11,0.49,0.00,0.36,7.53,0.41,0.00,0.33,45.12,0.47,0.00,0.82
Batch 7,NN6829,YAS034,OUT,20-Apr-15,22-Apr-15,14:00,14:45,2925,0.00,1.22,13.92,0.66,0.00,5.29,0.15,0.12,0.00,0.57,3.76,0.16,0.00,0.33,2.65,0.32,0.84,2.14,0.08,0.13,0.00,3.87,0.47,0.26,1.07,1.33,0.00,0.22,1.34,0.14,0.00,0.28,0.45,0.46,0.00,0.34,0.97,0.15,0.57,0.32,0.00,0.46,0.00,0.40,0.00,0.43,0.00,0.29,0.00,0.28,0.00,0.49,0.00,0.36,0.00,0.41,0.00,0.33,0.80,0.47,0.00,0.82
Batch 7,NL0856,YAS035,IN,20-Apr-15,22-Apr-15,15:00,14:56,2876,0.00,1.24,3.37,0.67,0.92,5.38,0.17,0.12,0.00,0.58,1.09,0.16,0.00,0.34,0.62,0.32,2.79,2.17,1.38,0.14,0.00,3.94,0.40,0.27,0.24,1.35,0.00,0.23,2.12,0.15,0.00,0.28,0.39,0.46,0.00,0.34,1.00,0.15,0.50,0.32,0.00,0.47,1.78,0.41,0.00,0.44,0.00,0.29,0.00,0.28,0.92,0.50,0.00,0.37,44.74,0.41,0.00,0.33,0.88,0.48,0.00,0.83
Batch 7,NL0862,YAS035,OUT,20-Apr-15,22-Apr-15,15:00,14:56,2876,0.00,1.24,2.71,0.67,0.00,5.38,0.13,0.12,0.00,0.58,0.72,0.16,0.00,0.34,0.00,0.32,1.21,2.17,0.00,0.14,0.00,3.94,0.40,0.27,0.00,1.35,0.00,0.23,0.74,0.15,0.00,0.28,0.22,0.46,0.00,0.34,0.60,0.15,0.45,0.32,0.00,0.47,0.00,0.41,0.00,0.44,0.00,0.29,0.00,0.28,0.00,0.50,0.00,0.37,0.00,0.41,0.36,0.33,0.00,0.48,0.00,0.83
Batch 7,NL0747,YAS036,IN,22-Apr-15,24-Apr-15,10:00,12:15,3015,0.00,1.18,1.57,0.64,0.00,5.13,0.21,0.11,0.00,0.55,0.37,0.16,0.00,0.32,0.00,0.31,2.11,2.07,1.90,0.13,0.00,3.76,0.45,0.26,0.00,1.29,0.00,0.22,2.08,0.14,0.26,0.27,0.36,0.44,0.00,0.33,0.88,0.15,0.53,0.31,0.00,0.45,1.86,0.39,0.00,0.42,0.00,0.28,0.00,0.27,0.00,0.47,0.00,0.35,4.05,0.39,0.57,0.32,0.00,0.46,0.00,0.79
Batch 7,NL0786,YAS036,OUT,22-Apr-15,24-Apr-15,10:00,12:15,3015,0.00,1.18,1.19,0.64,0.00,5.13,0.05,0.11,0.00,0.55,0.45,0.16,0.00,0.32,0.00,0.31,0.87,2.07,0.01,0.13,0.00,3.76,0.47,0.26,0.00,1.29,0.00,0.22,0.80,0.14,0.00,0.27,0.22,0.44,0.00,0.33,0.48,0.15,0.00,0.31,0.00,0.45,0.00,0.39,0.00,0.42,0.00,0.28,0.00,0.27,0.00,0.47,0.00,0.35,0.00,0.39,0.00,0.32,0.00,0.46,0.00,0.79
Batch 7,NL0724,YAS038,IN,22-Apr-15,24-Apr-15,12:25,10:45,2780,1.37,1.28,3.31,0.69,4.17,5.57,0.14,0.12,0.00,0.60,0.91,0.17,0.00,0.35,0.00,0.33,4.86,2.25,1.29,0.14,0.00,4.07,0.34,0.28,2.38,1.40,0.00,0.23,4.44,0.15,0.00,0.29,0.69,0.48,0.00,0.36,2.05,0.16,0.66,0.34,0.70,0.49,2.09,0.42,0.00,0.45,0.00,0.30,0.00,0.29,0.00,0.51,0.00,0.38,4.57,0.43,0.00,0.35,0.00,0.50,0.00,0.86
Batch 7,NL0861,YAS038,OUT,22-Apr-15,24-Apr-15,12:25,10:45,2780,0.00,1.28,1.27,0.69,0.00,5.57,0.04,0.12,0.00,0.60,0.34,0.17,0.00,0.35,0.00,0.33,2.21,2.25,0.00,0.14,0.00,4.07,0.37,0.28,0.00,1.40,0.00,0.23,0.59,0.15,0.00,0.29,0.00,0.48,0.00,0.36,0.49,0.16,0.36,0.34,0.00,0.49,0.00,0.42,0.00,0.45,0.00,0.30,0.00,0.29,0.00,0.51,0.00,0.38,0.00,0.43,0.00,0.35,0.00,0.50,0.00,0.86
,,,,,,,,,,,,,,,,,,,,,,,,,,,,,,,,,,,,,,,,,,,,,,,,,,,,,,,,,,,,,,,,,,,,,,
Batch 8,NL0447,YAS034,IN,12-May-15,14-May-15,11:15,11:35,2900,0.00,1.21,3.07,1.14,0.00,5.27,0.02,0.99,0.00,0.57,1.05,0.25,0.00,0.33,0.42,0.31,0.00,0.61,1.75,0.06,0.00,3.84,0.31,0.26,2.49,0.32,0.00,0.22,7.83,0.21,2.68,0.28,1.75,0.15,0.50,0.34,4.61,0.24,1.17,0.17,0.64,0.36,1.69,0.77,0.00,0.43,0.22,0.29,0.61,0.27,1.32,0.49,0.18,0.36,10.88,0.47,0.73,0.33,0.88,0.47,0.00,0.81
Batch 8,NL0459,YAS034,OUT,12-May-15,14-May-15,11:15,11:35,2900,0.00,1.21,1.78,1.14,0.00,5.27,0.00,0.99,0.00,0.57,0.45,0.25,0.00,0.33,0.27,0.31,0.44,0.61,0.16,0.06,0.00,3.84,0.31,0.26,0.40,0.32,0.00,0.22,1.14,0.21,0.00,0.28,0.37,0.15,0.00,0.34,1.14,0.24,0.46,0.17,0.00,0.36,0.19,0.77,0.00,0.43,0.00,0.29,0.39,0.27,0.00,0.49,0.00,0.36,0.29,0.47,0.37,0.33,0.56,0.47,0.00,0.81
Batch 8,NL0456,YAS044,OUT,12-May-15,14-May-15,12:45,11:54,2829,0.00,1.24,0.92,1.17,0.00,5.41,0.00,1.01,0.00,0.58,0.06,0.26,0.00,0.34,0.18,0.32,0.36,0.63,0.06,0.07,0.00,3.94,0.32,0.27,0.20,0.33,0.00,0.23,0.44,0.21,0.00,0.29,0.17,0.15,0.00,0.35,0.49,0.25,0.19,0.17,0.00,0.37,0.29,0.79,0.00,0.44,0.00,0.29,0.00,0.28,0.00,0.50,0.00,0.37,0.42,0.48,0.00,0.33,0.00,0.48,0.00,0.83
Batch 8,NL0755,YAS046,IN,28-May-15,30-May-15,15:30,15:00,2850,0.00,1.23,3.80,1.16,0.00,5.37,0.04,1.01,0.00,0.58,0.42,0.26,0.00,0.34,0.00,0.32,0.00,0.62,0.45,0.07,0.00,3.91,0.33,0.27,0.29,0.32,0.00,0.23,1.09,0.21,0.46,0.28,0.00,0.15,0.00,0.34,0.78,0.24,0.41,0.17,0.00,0.37,1.55,0.79,0.00,0.43,0.00,0.29,0.00,0.28,0.00,0.49,0.00,0.37,5.23,0.47,0.00,0.33,0.00,0.48,0.00,0.83
Batch 8,NL0800,YAS046,OUT,28-May-15,30-May-15,15:30,15:00,2850,0.00,1.23,3.59,1.16,0.00,5.37,0.02,1.01,0.00,0.58,0.58,0.26,0.00,0.34,0.00,0.32,0.84,0.62,0.24,0.07,0.00,3.91,0.39,0.27,0.34,0.32,0.00,0.23,1.02,0.21,0.52,0.28,0.27,0.15,0.00,0.34,0.63,0.24,0.26,0.17,0.00,0.37,0.00,0.79,0.00,0.43,0.00,0.29,0.00,0.28,0.00,0.49,0.00,0.37,0.00,0.47,0.00,0.33,0.00,0.48,0.00,0.83
Batch 8,NL0751,YAS047,IN,20-May-15,22-May-15,10:54,10:30,2856,0.00,1.23,4.31,1.16,0.00,5.35,0.11,1.00,0.00,0.57,1.41,0.26,0.00,0.34,0.96,0.32,4.52,0.62,1.07,0.07,0.00,3.90,0.31,0.27,2.95,0.32,0.00,0.23,10.47,0.21,0.00,0.28,1.66,0.15,0.00,0.34,3.84,0.24,1.59,0.17,3.55,0.37,12.22,0.78,0.00,0.43,0.35,0.29,0.81,0.28,2.22,0.49,0.00,0.36,18.52,0.47,1.14,0.33,0.00,0.48,0.00,0.82
Batch 8,NL0797,YAS047,OUT,20-May-15,22-May-15,10:54,10:30,2856,0.00,1.23,0.41,1.16,0.00,5.35,0.00,1.00,0.00,0.57,0.32,0.26,0.00,0.34,0.00,0.32,0.00,0.62,0.03,0.07,0.00,3.90,0.31,0.27,0.17,0.32,0.00,0.23,0.42,0.21,0.00,0.28,0.12,0.15,0.00,0.34,0.28,0.24,0.11,0.17,0.00,0.37,0.44,0.78,0.00,0.43,0.00,0.29,0.00,0.28,0.00,0.49,0.00,0.36,0.00,0.47,0.00,0.33,0.00,0.48,0.00,0.82
Batch 8,NL0780,YAS048,IN,20-May-15,22-May-15,12:10,11:00,2810,0.00,1.25,4.20,1.17,0.00,5.44,0.07,1.02,0.00,0.58,0.64,0.26,0.00,0.34,0.33,0.32,0.00,0.63,1.31,0.07,0.00,3.97,0.34,0.27,0.68,0.33,0.00,0.23,2.55,0.22,0.00,0.29,0.41,0.15,0.00,0.35,1.44,0.25,0.51,0.17,0.00,0.37,1.57,0.80,0.00,0.44,0.00,0.30,0.00,0.28,0.84,0.50,0.00,0.37,4.40,0.48,0.44,0.34,0.39,0.48,0.00,0.84
Batch 8,NL0765,YAS048,OUT,20-May-15,22-May-15,12:10,11:00,2810,0.00,1.25,0.74,1.17,0.00,5.44,0.00,1.02,0.00,0.58,0.52,0.26,0.00,0.34,0.27,0.32,0.00,0.63,0.15,0.07,0.00,3.97,0.35,0.27,0.28,0.33,0.00,0.23,0.79,0.22,0.00,0.29,0.15,0.15,0.00,0.35,0.62,0.25,0.25,0.17,0.00,0.37,0.00,0.80,0.00,0.44,0.00,0.30,0.00,0.28,0.00,0.50,0.00,0.37,0.00,0.48,0.00,0.34,0.00,0.48,0.00,0.84
Batch 8,NL0806,YAS057,IN,8-Jun-15,10-Jun-15,10:40,9:40,2820,0.00,1.25,3.40,1.17,0.00,5.42,0.17,1.02,0.00,0.58,1.00,0.26,0.00,0.34,0.64,0.32,0.00,0.63,1.80,0.07,0.00,3.95,0.24,0.27,0.80,0.33,0.00,0.23,4.57,0.21,0.64,0.29,0.64,0.15,0.00,0.35,1.28,0.25,0.61,0.17,0.00,0.37,5.45,0.79,0.00,0.44,0.00,0.29,0.00,0.28,0.91,0.50,0.00,0.37,19.28,0.48,0.00,0.33,1.10,0.48,0.00,0.84
Batch 8,NL0735,YAS057,OUT,8-Jun-15,10-Jun-15,10:40,9:40,2820,0.00,1.25,3.32,1.17,0.00,5.42,0.00,1.02,0.00,0.58,1.05,0.26,0.00,0.34,0.63,0.32,0.66,0.63,0.13,0.07,0.00,3.95,0.20,0.27,0.65,0.33,0.00,0.23,2.57,0.21,0.00,0.29,0.52,0.15,0.00,0.35,1.65,0.25,0.63,0.17,0.00,0.37,0.38,0.79,0.00,0.44,0.00,0.29,0.25,0.28,0.00,0.50,0.00,0.37,0.00,0.48,0.29,0.33,0.00,0.48,0.00,0.84
Batch 8,NL1094,YAS070,IN,2-Jun-15,4-Jun-15,18:50,18:10,2840,0.00,1.24,5.90,1.16,0.00,5.38,0.13,1.01,0.00,0.58,3.99,0.26,0.00,0.34,2.25,0.32,0.00,0.63,2.19,0.07,0.00,3.93,0.58,0.27,1.26,0.32,0.91,0.23,7.95,0.21,0.58,0.28,3.21,0.15,7.32,0.35,9.52,0.24,3.46,0.17,0.00,0.37,8.50,0.79,9.02,0.44,0.00,0.29,1.57,0.28,1.11,0.50,0.61,0.37,5.36,0.48,1.72,0.33,0.00,0.48,0.00,0.83
Batch 8,NL1040,YAS070,OUT,2-Jun-15,4-Jun-15,18:50,18:10,2840,0.00,1.24,0.00,1.16,0.00,5.38,0.00,1.01,0.00,0.58,0.31,0.26,0.00,0.34,0.00,0.32,0.00,0.63,0.23,0.07,0.00,3.93,0.23,0.27,0.41,0.32,0.00,0.23,1.51,0.21,0.00,0.28,0.37,0.15,0.00,0.35,1.00,0.24,0.43,0.17,0.00,0.37,0.00,0.79,0.00,0.44,0.00,0.29,0.00,0.28,0.00,0.50,0.00,0.37,0.00,0.48,0.00,0.33,0.00,0.48,0.00,0.83
Batch 8,NL0426,YAS071,IN,26-May-15,28-May-15,9:15,9:10,2875,0.00,1.22,6.56,1.15,0.00,5.32,0.00,1.00,0.00,0.57,1.20,0.26,0.00,0.34,0.65,0.32,0.00,0.62,2.55,0.06,0.00,3.88,0.30,0.27,1.15,0.32,0.00,0.22,7.36,0.21,0.00,0.28,1.19,0.15,0.00,0.34,4.18,0.24,1.39,0.17,0.00,0.36,1.77,0.78,0.00,0.43,0.00,0.29,0.75,0.28,0.90,0.49,0.00,0.36,7.79,0.47,0.83,0.33,0.00,0.47,0.00,0.82
Batch 8,NL0421,YAS071,OUT,26-May-15,28-May-15,9:15,9:10,2875,0.00,1.22,4.14,1.15,0.00,5.32,0.00,1.00,0.00,0.57,0.88,0.26,0.00,0.34,0.00,0.32,0.30,0.62,0.18,0.06,0.00,3.88,0.41,0.27,0.52,0.32,0.00,0.22,1.94,0.21,0.00,0.28,0.45,0.15,0.00,0.34,1.31,0.24,0.45,0.17,0.00,0.36,0.22,0.78,0.00,0.43,0.00,0.29,0.00,0.28,0.00,0.49,0.00,0.36,0.00,0.47,0.30,0.33,0.00,0.47,0.00,0.82
Batch 8,NL0394,YAS072,IN,26-May-15,28-May-15,10:30,11:45,2955,0.00,1.19,3.95,1.12,0.00,5.18,0.65,0.97,0.00,0.56,0.84,0.25,0.00,0.33,0.60,0.31,2.23,0.60,3.70,0.06,0.00,3.77,0.25,0.26,0.46,0.31,0.00,0.22,2.42,0.21,0.00,0.27,0.69,0.14,0.00,0.33,1.74,0.23,0.62,0.17,0.00,0.35,2.98,0.76,0.00,0.42,0.00,0.28,0.00,0.27,1.23,0.48,0.00,0.35,29.33,0.46,0.00,0.32,0.00,0.46,0.00,0.80
Batch 8,NL1093,YAS072,OUT,26-May-15,28-May-15,10:30,11:45,2955,0.00,1.19,5.28,1.12,0.00,5.18,0.04,0.97,0.00,0.56,1.09,0.25,0.00,0.33,1.03,0.31,1.39,0.60,0.23,0.06,0.00,3.77,0.30,0.26,0.52,0.31,0.00,0.22,2.37,0.21,0.00,0.27,0.48,0.14,0.00,0.33,1.43,0.23,0.58,0.17,0.00,0.35,0.39,0.76,0.00,0.42,0.00,0.28,0.34,0.27,0.00,0.48,0.00,0.35,0.89,0.46,0.00,0.32,0.00,0.46,0.00,0.80
Batch 8,NL1086,YAS073,IN,26-May-15,28-May-15,13:00,12:20,2840,0.00,1.24,7.21,1.16,0.00,5.38,0.05,1.01,0.00,0.58,0.55,0.26,0.00,0.34,0.00,0.32,0.00,0.63,3.22,0.07,0.00,3.93,0.30,0.27,0.64,0.32,0.00,0.23,3.69,0.21,1.47,0.28,0.47,0.15,0.57,0.35,1.05,0.24,0.46,0.17,0.00,0.37,17.21,0.79,0.00,0.44,0.00,0.29,0.00,0.28,6.85,0.50,0.00,0.37,18.16,0.48,0.00,0.33,2.50,0.48,0.00,0.83
Batch 8,NL1077,YAS073,OUT,26-May-15,28-May-15,13:00,12:20,2840,0.00,1.24,3.50,1.16,0.00,5.38,0.00,1.01,0.00,0.58,0.68,0.26,0.00,0.34,0.00,0.32,0.52,0.63,0.14,0.07,0.00,3.93,0.29,0.27,0.47,0.32,0.00,0.23,1.77,0.21,0.00,0.28,0.40,0.15,0.00,0.35,1.01,0.24,0.38,0.17,0.00,0.37,0.66,0.79,0.00,0.44,0.00,0.29,0.23,0.28,0.00,0.50,0.00,0.37,0.00,0.48,0.00,0.33,0.00,0.48,0.00,0.83
Batch 8,NL1099,YAS074,IN,8-Jun-15,10-Jun-15,10:00,10:00,2880,0.00,1.22,8.77,1.15,0.00,5.31,0.03,0.99,0.00,0.57,2.27,0.25,0.00,0.34,1.35,0.32,0.00,0.62,0.72,0.06,0.00,3.87,0.27,0.27,1.24,0.32,0.00,0.22,5.02,0.21,0.00,0.28,0.81,0.15,0.00,0.34,2.65,0.24,0.94,0.17,0.00,0.36,1.83,0.78,0.00,0.43,0.00,0.29,0.00,0.28,0.70,0.49,0.00,0.36,3.24,0.47,0.43,0.33,56.73,0.47,0.00,0.82
Batch 8,NL1105,YAS074,OUT,8-Jun-15,10-Jun-15,10:00,10:00,2880,0.00,1.22,10.01,1.15,0.00,5.31,0.00,0.99,0.00,0.57,4.07,0.25,0.00,0.34,1.20,0.32,0.39,0.62,0.13,0.06,0.00,3.87,0.26,0.27,0.69,0.32,0.00,0.22,4.40,0.21,0.00,0.28,0.88,0.15,0.75,0.34,2.60,0.24,1.10,0.17,0.00,0.36,0.00,0.78,0.00,0.43,0.00,0.29,0.00,0.28,0.00,0.49,0.00,0.36,0.00,0.47,0.26,0.33,0.00,0.47,0.00,0.82
,,,,,,,,,,,,,,,,,,,,,,,,,,,,,,,,,,,,,,,,,,,,,,,,,,,,,,,,,,,,,,,,,,,,,,
Batch 9,NL3246,YAS015,IN,3-Aug-15,5-Aug-15,10:45,11:35,2930,0.00,1.18,3.88,1.27,0.00,5.15,0.00,0.03,0.00,0.55,1.09,0.44,0.00,0.32,0.70,0.31,0.05,1.54,5.83,0.45,0.00,3.75,0.45,0.26,1.28,0.54,0.00,0.22,3.46,0.41,0.22,0.27,0.68,0.25,0.31,0.33,2.14,0.36,0.89,0.24,0.35,0.28,5.05,0.12,0.00,0.42,0.28,0.28,0.23,0.27,1.60,0.47,0.00,0.35,8.77,0.57,0.23,0.32,0.40,0.46,0.00,0.79
Batch 9,NL3306,YAS015,OUT,3-Aug-15,5-Aug-15,10:45,11:35,2930,0.00,1.18,1.54,1.27,0.00,5.15,0.00,0.03,0.00,0.55,0.56,0.44,0.00,0.32,0.40,0.31,0.00,1.54,0.27,0.45,0.00,3.75,0.47,0.26,0.49,0.54,0.00,0.22,1.01,0.41,0.00,0.27,0.29,0.25,0.00,0.33,0.75,0.36,0.37,0.24,0.00,0.28,0.36,0.12,0.00,0.42,0.17,0.28,0.00,0.27,0.00,0.47,0.43,0.35,0.41,0.57,0.00,0.32,0.31,0.46,0.00,0.79
Batch 9,NL3227,YAS016,IN,3-Aug-15,5-Aug-15,12:15,12:01,2866,0.00,1.21,6.92,1.30,0.00,5.27,2.69,0.03,0.00,0.56,0.84,0.45,0.00,0.33,0.49,0.32,0.69,1.58,10.04,0.46,0.00,3.83,0.42,0.26,1.12,0.55,0.20,0.22,2.30,0.41,0.00,0.28,0.42,0.25,0.00,0.34,1.13,0.36,0.51,0.25,0.46,0.28,5.26,0.13,0.00,0.43,0.16,0.29,0.00,0.27,2.13,0.49,0.00,0.36,9.85,0.59,0.00,0.32,6.55,0.47,0.00,0.81
Batch 9,NL3320,YAS016,OUT,3-Aug-15,5-Aug-15,12:15,12:01,2866,0.00,1.21,1.85,1.30,0.00,5.27,0.00,0.03,0.00,0.56,0.66,0.45,0.00,0.33,0.43,0.32,0.00,1.58,0.73,0.46,0.00,3.83,0.43,0.26,0.97,0.55,0.00,0.22,0.79,0.41,0.00,0.28,0.30,0.25,0.00,0.34,0.75,0.36,0.36,0.25,0.00,0.28,0.40,0.13,0.00,0.43,0.12,0.29,0.00,0.27,0.00,0.49,0.31,0.36,0.53,0.59,0.00,0.32,0.74,0.47,0.00,0.81
Batch 9,NL0462,YAS018,OUT,4-Aug-15,6-Aug-15,11:35,12:40,2945,0.00,1.18,0.96,1.26,0.00,5.13,0.00,0.03,0.00,0.55,0.35,0.44,0.00,0.32,0.32,0.31,0.00,1.54,0.04,0.45,0.00,3.73,0.35,0.26,0.00,0.54,0.00,0.22,0.54,0.40,0.00,0.27,0.22,0.25,0.00,0.33,0.74,0.35,0.38,0.24,0.00,0.28,0.60,0.12,1.16,0.41,0.13,0.28,0.00,0.27,0.00,0.47,0.32,0.35,0.30,0.57,0.11,0.32,0.36,0.46,0.00,0.79
Batch 9,NL0404,YAS018,IN,4-Aug-15,6-Aug-15,11:35,12:40,2945,0.00,1.18,23.40,1.26,0.00,5.13,0.00,0.03,0.00,0.55,12.69,0.44,0.00,0.32,5.60,0.31,1.92,1.54,14.85,0.45,2.72,3.73,0.40,0.26,2.75,0.54,0.00,0.22,16.92,0.40,0.23,0.27,4.64,0.25,1.22,0.33,17.43,0.35,6.68,0.24,1.01,0.28,83.76,0.12,0.00,0.41,1.50,0.28,1.39,0.27,34.69,0.47,6.23,0.35,35.86,0.57,1.08,0.32,69.26,0.46,0.00,0.79
Batch 9,NL0469,YAS046,IN,10-Aug-15,12-Aug-15,7:20,9:05,2985,0.00,1.16,3.58,1.25,2.32,5.06,0.00,0.03,0.00,0.54,0.68,0.43,0.00,0.32,0.42,0.30,2.53,1.52,1.85,0.44,0.00,3.68,0.38,0.25,0.41,0.53,0.16,0.21,1.51,0.40,0.00,0.27,0.29,0.24,0.33,0.32,0.78,0.35,0.40,0.24,3.05,0.27,42.62,0.12,0.00,0.41,0.00,0.28,0.00,0.26,16.85,0.47,0.00,0.34,57.95,0.56,0.00,0.31,0.00,0.45,0.00,0.78
Batch 9,NL0422,YAS046,OUT,10-Aug-15,12-Aug-15,7:20,9:05,2985,0.00,1.16,1.14,1.25,0.00,5.06,0.00,0.03,0.00,0.54,0.39,0.43,0.00,0.32,0.00,0.30,0.00,1.52,0.09,0.44,0.00,3.68,0.36,0.25,0.02,0.53,0.18,0.21,0.45,0.40,0.00,0.27,0.18,0.24,0.00,0.32,0.47,0.35,0.26,0.24,0.23,0.27,0.57,0.12,0.00,0.41,0.00,0.28,0.00,0.26,0.00,0.47,0.24,0.34,0.44,0.56,0.00,0.31,0.00,0.45,0.00,0.78
Batch 9,NL3347,YAS054,IN,5-Aug-15,7-Aug-15,18:45,19:06,2901,0.00,1.20,2.96,1.28,0.00,5.21,0.04,0.03,0.00,0.56,0.71,0.44,0.00,0.33,0.47,0.31,12.77,1.56,2.98,0.46,0.00,3.78,0.42,0.26,0.43,0.54,0.00,0.22,3.52,0.41,0.00,0.28,0.38,0.25,0.00,0.33,0.78,0.36,0.48,0.24,0.38,0.28,4.39,0.12,0.00,0.42,0.00,0.28,0.00,0.27,3.35,0.48,0.38,0.35,15.97,0.58,0.00,0.32,4.04,0.46,0.00,0.80
Batch 9,NL3334,YAS054,OUT,5-Aug-15,7-Aug-15,18:45,19:06,2901,0.00,1.20,1.47,1.28,0.00,5.21,0.00,0.03,0.00,0.56,0.47,0.44,0.00,0.33,0.35,0.31,0.00,1.56,0.11,0.46,0.00,3.78,0.39,0.26,0.25,0.54,0.00,0.22,0.83,0.41,0.00,0.28,0.22,0.25,0.00,0.33,0.55,0.36,0.32,0.24,0.00,0.28,0.29,0.12,0.00,0.42,0.00,0.28,0.00,0.27,0.00,0.48,0.34,0.35,0.28,0.58,0.00,0.32,0.31,0.46,0.00,0.80
Batch 9,NL0470,YAS055,IN,10-Aug-15,12-Aug-15,8:30,9:20,2930,0.00,1.18,6.85,1.27,0.00,5.15,0.00,0.03,0.00,0.55,1.59,0.44,0.00,0.32,0.95,0.31,0.00,1.54,2.62,0.45,0.00,3.75,0.40,0.26,1.28,0.54,0.00,0.22,5.74,0.41,0.83,0.27,0.61,0.25,0.37,0.33,1.90,0.36,0.91,0.24,0.29,0.28,4.94,0.12,1.75,0.42,0.22,0.28,0.18,0.27,3.83,0.47,0.77,0.35,22.79,0.57,0.00,0.32,0.00,0.46,0.00,0.79
Batch 9,NL0466,YAS055,OUT,10-Aug-15,12-Aug-15,8:30,9:20,2930,0.00,1.18,6.41,1.27,0.00,5.15,0.00,0.03,0.00,0.55,2.65,0.44,0.00,0.32,1.63,0.31,0.00,1.54,0.14,0.45,0.00,3.75,0.35,0.26,1.24,0.54,0.00,0.22,4.23,0.41,0.00,0.27,0.92,0.25,0.34,0.33,3.25,0.36,1.32,0.24,0.00,0.28,0.34,0.12,0.00,0.42,0.32,0.28,0.30,0.27,0.00,0.47,1.13,0.35,0.40,0.57,0.25,0.32,0.00,0.46,0.00,0.79
Batch 9,NL0437,YAS056,IN,10-Aug-15,12-Aug-15,9:30,8:45,2835,0.00,1.22,160.61,1.31,0.00,5.33,0.96,0.03,0.00,0.57,66.08,0.45,0.00,0.34,43.99,0.32,2.59,1.60,0.00,0.47,7.13,3.87,0.39,0.27,21.37,0.56,0.25,0.23,90.67,0.42,0.00,0.28,15.37,0.26,1.83,0.34,62.31,0.37,18.49,0.25,1.07,0.29,3.81,0.13,0.00,0.43,3.46,0.29,2.62,0.28,1.14,0.49,12.15,0.36,6.03,0.59,1.86,0.33,0.00,0.47,0.00,0.82
Batch 9,NL0490,YAS056,OUT,10-Aug-15,12-Aug-15,9:30,8:45,2835,0.00,1.22,65.90,1.31,0.00,5.33,0.00,0.03,0.00,0.57,28.41,0.45,0.00,0.34,18.31,0.32,0.00,1.60,0.15,0.47,2.90,3.87,0.36,0.27,8.62,0.56,0.10,0.23,36.20,0.42,0.00,0.28,5.88,0.26,0.94,0.34,23.11,0.37,6.90,0.25,0.31,0.29,1.12,0.13,1.47,0.43,1.29,0.29,0.97,0.28,0.00,0.49,4.17,0.36,1.40,0.59,0.62,0.33,0.00,0.47,0.00,0.82
Batch 9,NL1289,YAS058,IN,12-Aug-15,14-Aug-15,12:45,12:45,2880,1.26,1.20,3.77,1.29,7.26,5.24,0.00,0.03,0.00,0.56,0.75,0.45,0.00,0.33,0.00,0.31,3.85,1.57,3.78,0.46,1.54,3.81,0.44,0.26,3.02,0.55,0.00,0.22,6.06,0.41,0.00,0.28,0.98,0.25,3.58,0.34,3.00,0.36,0.87,0.24,1.10,0.28,2.30,0.12,4.99,0.42,0.19,0.29,0.20,0.27,1.64,0.48,0.65,0.36,94.68,0.58,0.27,0.32,0.00,0.47,0.00,0.81
Batch 9,NL3300,YAS058,OUT,12-Aug-15,14-Aug-15,12:45,12:45,2880,0.00,1.20,1.07,1.29,0.00,5.24,0.00,0.03,0.00,0.56,0.50,0.45,0.00,0.33,0.37,0.31,0.00,1.57,0.22,0.46,0.00,3.81,0.38,0.26,0.64,0.55,0.00,0.22,1.13,0.41,0.00,0.28,0.25,0.25,0.00,0.34,0.66,0.36,0.30,0.24,0.00,0.28,0.45,0.12,0.00,0.42,0.00,0.29,0.00,0.27,0.00,0.48,0.32,0.36,2.09,0.58,0.00,0.32,0.00,0.47,0.00,0.81
Batch 9,NL1342,YAS059,IN,14-Aug-15,16-Aug-15,11:45,13:30,2985,0.00,1.16,13.94,1.25,0.00,5.06,0.00,0.03,0.00,0.54,1.98,0.43,0.00,0.32,1.17,0.30,3.34,1.52,2.87,0.44,0.00,3.68,0.54,0.25,1.12,0.53,0.00,0.21,6.98,0.40,1145.29,0.27,1.19,0.24,10.59,0.32,3.10,0.35,1.19,0.24,0.74,0.27,8.89,0.12,5.25,0.41,0.17,0.28,0.23,0.26,5.84,0.47,0.90,0.34,67.83,0.56,0.00,0.31,0.00,0.45,0.00,0.78
Batch 9,NL1307,YAS059,OUT,14-Aug-15,16-Aug-15,11:45,13:30,2985,0.00,1.16,5.07,1.25,0.00,5.06,0.00,0.03,0.00,0.54,1.74,0.43,0.00,0.32,1.06,0.30,0.00,1.52,0.09,0.44,0.00,3.68,0.40,0.25,0.81,0.53,0.00,0.21,2.06,0.40,17.90,0.27,0.42,0.24,0.00,0.32,1.45,0.35,0.60,0.24,0.00,0.27,0.60,0.12,0.00,0.41,0.14,0.28,0.11,0.26,0.00,0.47,0.47,0.34,0.64,0.56,0.00,0.31,0.00,0.45,0.00,0.78
Batch 9,NL1333,YAS060,IN,14-Aug-15,16-Aug-15,14:30,14:15,2865,0.00,1.21,1.39,1.30,0.00,5.27,0.00,0.03,0.00,0.56,0.40,0.45,0.00,0.33,0.00,0.32,0.92,1.58,8.63,0.46,0.00,3.83,0.76,0.26,0.36,0.55,0.00,0.22,2.17,0.41,0.00,0.28,0.28,0.25,0.00,0.34,0.52,0.36,0.31,0.25,0.00,0.28,9.29,0.13,0.00,0.43,0.00,0.29,0.00,0.27,3.61,0.49,0.27,0.36,34.89,0.59,0.00,0.32,1.92,0.47,0.00,0.81
Batch 9,NL1260,YAS060,OUT,14-Aug-15,16-Aug-15,14:30,14:15,2865,0.00,1.21,0.65,1.30,0.00,5.27,0.00,0.03,0.00,0.56,0.37,0.45,0.00,0.33,0.30,0.32,0.00,1.58,0.31,0.46,0.00,3.83,0.37,0.26,0.32,0.55,0.00,0.22,0.66,0.41,0.00,0.28,0.14,0.25,0.00,0.34,0.46,0.36,0.24,0.25,0.00,0.28,0.81,0.13,0.00,0.43,0.00,0.29,0.00,0.27,0.00,0.49,0.22,0.36,0.82,0.59,0.00,0.32,0.00,0.47,0.00,0.81
Batch 9,NL1261,YAS068,IN,14-Aug-15,16-Aug-15,16:30,14:47,2777,0.00,1.25,2.25,1.34,0.00,5.44,0.00,0.04,0.00,0.58,0.43,0.46,0.00,0.34,0.31,0.33,0.51,1.63,4.17,0.48,0.00,3.95,0.41,0.27,0.70,0.57,0.00,0.23,2.59,0.43,0.00,0.29,0.44,0.26,0.48,0.35,1.28,0.38,0.52,0.25,0.00,0.29,1.45,0.13,1.60,0.44,0.00,0.30,0.00,0.28,0.00,0.50,0.35,0.37,7.49,0.61,0.00,0.34,0.00,0.48,0.00,0.84
Batch 9,NL1282,YAS068,OUT,14-Aug-15,16-Aug-15,16:30,14:47,2777,0.00,1.25,0.36,1.34,0.00,5.44,0.00,0.04,0.00,0.58,0.21,0.46,0.00,0.34,0.23,0.33,0.00,1.63,0.19,0.48,0.00,3.95,0.36,0.27,0.18,0.57,0.00,0.23,0.34,0.43,0.00,0.29,0.11,0.26,1.37,0.35,0.27,0.38,0.19,0.25,0.00,0.29,0.19,0.13,2.93,0.44,0.10,0.30,0.00,0.28,0.00,0.50,0.18,0.37,0.30,0.61,0.00,0.34,0.00,0.48,0.00,0.84
Batch 9,NL1097,YAS075,IN,16-Jun-15,18-Jun-15,10:00,9:00,2820,0.00,1.23,4.44,1.32,1.02,5.36,0.20,0.03,0.00,0.57,0.50,0.45,0.00,0.34,0.00,0.32,1.35,1.61,11.67,0.47,0.00,3.89,0.41,0.27,1.25,0.56,0.00,0.23,7.91,0.42,0.38,0.29,1.32,0.26,0.63,0.34,2.46,0.37,1.05,0.25,0.98,0.29,15.20,0.13,0.00,0.43,0.41,0.29,0.35,0.28,16.93,0.49,0.00,0.36,96.03,0.60,0.00,0.33,2201.63,0.48,0.00,0.82
Batch 9,NL1092,YAS075,OUT,16-Jun-15,18-Jun-15,10:00,9:00,2820,0.00,1.23,1.00,1.32,0.00,5.36,0.00,0.03,0.00,0.57,0.55,0.45,0.00,0.34,0.36,0.32,0.00,1.61,0.38,0.47,0.00,3.89,0.48,0.27,0.88,0.56,0.00,0.23,0.78,0.42,0.00,0.29,0.23,0.26,0.00,0.34,0.66,0.37,0.29,0.25,0.00,0.29,0.50,0.13,0.00,0.43,0.31,0.29,0.00,0.28,0.00,0.49,0.41,0.36,1.29,0.60,0.00,0.33,42.07,0.48,0.00,0.82
Batch 9,NL3228,YAS076,IN,17-Jun-15,19-Jun-15,10:30,10:50,2900,0.00,1.20,1.49,1.28,0.00,5.21,0.00,0.03,0.00,0.56,0.21,0.44,0.00,0.33,0.35,0.31,0.00,1.56,1.00,0.46,0.00,3.79,0.42,0.26,0.17,0.54,0.00,0.22,1.83,0.41,0.41,0.28,0.52,0.25,0.37,0.33,1.36,0.36,0.60,0.24,1.13,0.28,11.39,0.12,1.16,0.42,0.23,0.28,0.00,0.27,3.47,0.48,0.46,0.35,17.34,0.58,0.15,0.32,1.16,0.46,0.00,0.80
Batch 9,NL3280,YAS076,OUT,17-Jun-15,19-Jun-15,10:30,10:50,2900,0.00,1.20,0.50,1.28,0.00,5.21,0.00,0.03,0.00,0.56,0.22,0.44,0.00,0.33,0.00,0.31,0.00,1.56,0.07,0.46,0.00,3.79,0.41,0.26,0.12,0.54,0.00,0.22,0.51,0.41,0.00,0.28,0.16,0.25,0.00,0.33,0.43,0.36,0.25,0.24,0.00,0.28,0.40,0.12,0.00,0.42,0.23,0.28,0.00,0.27,0.00,0.48,0.33,0.35,0.23,0.58,0.00,0.32,0.31,0.46,0.00,0.80
,,,,,,,,,,,,,,,,,,,,,,,,,,,,,,,,,,,,,,,,,,,,,,,,,,,,,,,,,,,,,,,,,,,,,,
Batch 10,NL2741,YAS063,IN,25-Aug-15,27-Aug-15,10:00,10:20,2900,0.00,1.19,6.39,1.11,3.32,5.15,0.04,0.10,0.00,0.55,0.76,0.30,0.00,0.32,0.48,0.31,3.33,1.31,1.85,0.06,0.00,3.73,0.00,0.26,2.42,0.21,0.00,0.22,5.61,0.38,0.00,0.28,0.77,0.13,0.00,0.33,2.37,0.08,0.56,0.11,0.69,0.46,1.89,0.39,0.00,0.42,0.00,0.28,0.41,0.29,1.74,0.47,0.00,0.35,21.79,0.59,0.50,0.32,1.59,0.52,0.00,0.93
Batch 10,NL1343,YAS063,OUT,25-Aug-15,27-Aug-15,10:00,10:20,2900,0.00,1.19,4.08,1.11,0.00,5.15,0.08,0.10,0.00,0.55,0.95,0.30,0.00,0.32,0.76,0.31,0.27,1.31,0.09,0.06,0.00,3.73,0.33,0.26,0.56,0.21,0.00,0.22,1.09,0.38,0.00,0.28,0.26,0.13,0.00,0.33,0.78,0.08,0.32,0.11,0.00,0.46,1.16,0.39,0.00,0.42,0.00,0.28,0.00,0.29,0.00,0.47,0.00,0.35,0.89,0.59,0.24,0.32,0.00,0.52,0.00,0.93
Batch 10,NL1299,YAS064,IN,25-Aug-15,27-Aug-15,11:45,11:45,2880,0.00,1.19,2.80,1.11,1.92,5.18,0.13,0.10,0.00,0.55,0.79,0.30,0.00,0.33,0.00,0.31,0.00,1.32,1.02,0.06,0.00,3.76,0.00,0.26,0.58,0.21,0.00,0.22,1.12,0.39,0.00,0.28,0.47,0.13,0.00,0.34,1.11,0.08,0.46,0.11,0.87,0.47,14.50,0.39,0.00,0.42,0.00,0.28,0.00,0.29,7.97,0.48,0.00,0.35,23.81,0.59,0.28,0.32,1.21,0.52,0.00,0.93
Batch 10,NL2721,YAS064,OUT,25-Aug-15,27-Aug-15,11:45,11:45,2880,0.00,1.19,0.36,1.11,0.00,5.18,0.02,0.10,0.00,0.55,0.55,0.30,0.00,0.33,0.00,0.31,0.00,1.32,0.09,0.06,0.00,3.76,0.35,0.26,0.29,0.21,0.00,0.22,0.74,0.39,0.00,0.28,0.15,0.13,0.00,0.34,0.50,0.08,0.00,0.11,0.00,0.47,0.40,0.39,0.00,0.42,0.00,0.28,0.00,0.29,0.00,0.48,0.00,0.35,0.49,0.59,0.00,0.32,0.00,0.52,0.00,0.93
Batch 10,NL2784,YAS069,IN,27-Aug-15,29-Aug-15,16:00,16:00,2880,0.00,1.19,9.70,1.11,0.00,5.18,0.14,0.10,0.00,0.55,2.21,0.30,0.00,0.33,1.37,0.31,21.04,1.32,3.47,0.06,0.00,3.76,0.38,0.26,1.66,0.21,0.00,0.22,2.53,0.39,0.00,0.28,0.69,0.13,0.00,0.34,1.51,0.08,0.60,0.11,0.00,0.47,2.06,0.39,0.00,0.42,0.00,0.28,0.35,0.29,1.35,0.48,0.00,0.35,6.90,0.59,0.48,0.32,0.00,0.52,0.00,0.93
Batch 10,NL2731,YAS069,OUT,27-Aug-15,29-Aug-15,16:00,16:00,2880,0.00,1.19,1.08,1.11,0.00,5.18,0.04,0.10,0.00,0.55,0.64,0.30,0.00,0.33,0.61,0.31,0.84,1.32,0.20,0.06,0.00,3.76,0.38,0.26,1.26,0.21,0.00,0.22,2.16,0.39,0.00,0.28,0.61,0.13,0.00,0.34,1.68,0.08,0.78,0.11,0.00,0.47,0.70,0.39,0.00,0.42,0.00,0.28,0.48,0.29,0.00,0.48,0.00,0.35,0.47,0.59,0.59,0.32,0.00,0.52,0.00,0.93
Batch 10,NL2802,YAS077,IN,29-Aug-15,31-Aug-15,13:30,14:00,2910,0.00,1.18,29.19,1.10,0.00,5.13,2.52,0.10,0.00,0.55,7.22,0.30,0.00,0.32,4.08,0.31,1.24,1.31,0.43,0.05,2.38,3.72,0.29,0.26,1.87,0.21,0.00,0.22,8.19,0.38,0.00,0.27,1.27,0.13,0.00,0.33,4.48,0.08,1.56,0.11,0.00,0.46,2.75,0.39,0.00,0.42,0.31,0.28,0.85,0.29,0.89,0.47,0.27,0.35,6.32,0.59,1.01,0.32,0.00,0.52,0.00,0.92
Batch 10,NL2797,YAS077,OUT,29-Aug-15,31-Aug-15,13:30,14:00,2910,0.00,1.18,0.00,1.10,0.00,5.13,0.03,0.10,0.00,0.55,0.55,0.30,0.00,0.32,0.00,0.31,0.00,1.31,0.14,0.05,0.00,3.72,0.35,0.26,0.30,0.21,0.00,0.22,0.82,0.38,0.00,0.27,0.18,0.13,0.00,0.33,0.62,0.08,0.30,0.11,0.00,0.46,0.47,0.39,0.00,0.42,0.00,0.28,0.00,0.29,0.00,0.47,0.00,0.35,0.95,0.59,0.25,0.32,0.00,0.52,0.00,0.92
Batch 10,NL2739,YAS078,IN,29-Aug-15,1-Sep-15,15:30,8:00,3870,0.00,0.89,19.25,0.83,0.00,3.86,0.28,0.07,0.00,0.41,5.86,0.23,0.00,0.24,2.58,0.23,0.00,0.98,2.36,0.04,0.00,2.80,0.41,0.19,2.53,0.16,0.00,0.16,2.85,0.29,0.00,0.21,0.55,0.10,0.37,0.25,1.52,0.06,0.56,0.08,0.55,0.35,2.99,0.29,1.78,0.32,0.00,0.21,0.33,0.22,0.92,0.35,0.14,0.26,6.08,0.44,0.48,0.24,1.36,0.39,0.00,0.69
Batch 10,NL2740,YAS078,OUT,29-Aug-15,1-Sep-15,15:30,8:00,3870,0.00,0.89,5.23,0.83,0.00,3.86,0.04,0.07,0.00,0.41,0.41,0.23,0.00,0.24,0.00,0.23,0.00,0.98,0.25,0.04,0.00,2.80,0.31,0.19,0.47,0.16,0.00,0.16,1.25,0.29,0.00,0.21,0.38,0.10,0.00,0.25,1.16,0.06,0.43,0.08,0.00,0.35,0.55,0.29,1.73,0.32,0.00,0.21,0.23,0.22,0.00,0.35,0.00,0.26,2.62,0.44,0.33,0.24,0.00,0.39,0.00,0.69
Batch 10,NL2719,YAS079,IN,5-Sep-15,7-Sep-15,10:30,10:40,2890,0.00,1.19,47.64,1.11,0.00,5.16,0.48,0.10,0.00,0.55,18.38,0.30,0.00,0.32,6.47,0.31,0.00,1.32,0.00,0.06,6.24,3.74,0.40,0.26,16.86,0.21,0.58,0.22,53.05,0.39,0.00,0.28,8.51,0.13,0.99,0.33,34.87,0.08,10.46,0.11,0.00,0.46,5.23,0.39,0.00,0.42,1.94,0.28,5.69,0.29,2.93,0.48,1.55,0.35,12.84,0.59,7.87,0.32,0.00,0.52,0.00,0.93
Batch 10,NL2728,YAS079,OUT,5-Sep-15,7-Sep-15,10:30,10:00,2850,0.00,1.21,1.07,1.13,0.00,5.24,0.00,0.10,0.00,0.56,0.27,0.31,0.00,0.33,0.00,0.32,5.81,1.33,0.15,0.06,0.00,3.80,0.00,0.26,1.41,0.22,0.00,0.22,4.40,0.39,0.00,0.28,0.85,0.13,0.00,0.34,3.09,0.08,1.08,0.11,0.00,0.47,0.73,0.40,1.51,0.43,0.00,0.29,0.44,0.29,0.00,0.48,0.00,0.36,1.11,0.60,0.63,0.33,0.00,0.53,0.00,0.94
Batch 10,WU1958,YAS086,IN,5-Sep-15,7-Sep-15,12:15,10:15,2760,0.00,1.25,30.92,1.16,0.00,5.41,0.16,0.10,0.00,0.58,4.82,0.32,0.00,0.34,3.13,0.33,38.37,1.38,6.51,0.06,2.44,3.92,0.41,0.27,3.62,0.22,0.00,0.23,19.63,0.40,0.00,0.29,1.88,0.13,1.13,0.35,6.08,0.08,2.09,0.11,0.00,0.49,6.80,0.41,0.00,0.44,0.72,0.30,1.52,0.30,3.73,0.50,0.55,0.37,101.09,0.62,1.83,0.34,2.70,0.55,1.77,0.97
Batch 10,WU2057,YAS086,OUT,5-Sep-15,7-Sep-15,12:15,10:15,2760,0.00,1.25,5.22,1.16,0.00,5.41,0.00,0.10,0.00,0.58,0.51,0.32,0.00,0.34,0.00,0.33,1.50,1.38,0.15,0.06,1.19,3.92,0.00,0.27,1.51,0.22,0.00,0.23,2.40,0.40,0.65,0.29,0.37,0.13,0.00,0.35,1.15,0.08,0.51,0.11,0.00,0.49,0.00,0.41,0.00,0.44,0.00,0.30,0.00,0.30,0.00,0.50,0.00,0.37,0.91,0.62,0.29,0.34,0.00,0.55,0.00,0.97
Batch 10,WU2024,YAS087,IN,5-Sep-15,7-Sep-15,14:00,11:30,2730,1.11,1.26,122.78,1.18,0.00,5.47,2.57,0.11,0.00,0.58,44.55,0.32,0.00,0.34,19.44,0.33,0.00,1.39,0.00,0.06,0.00,3.96,0.00,0.28,14.80,0.23,0.00,0.23,9.12,0.41,0.53,0.29,1.56,0.14,1.70,0.35,4.52,0.08,1.54,0.11,0.00,0.49,3.06,0.41,0.00,0.45,0.36,0.30,0.74,0.31,2.30,0.50,0.00,0.37,15.05,0.62,0.98,0.34,1.27,0.55,0.00,0.98
Batch 10,WU2051,YAS087,OUT,5-Sep-15,7-Sep-15,14:00,11:30,2730,0.00,1.26,6.43,1.18,0.00,5.47,0.00,0.11,0.00,0.58,1.08,0.32,0.00,0.34,0.50,0.33,0.33,1.39,0.13,0.06,0.00,3.96,0.00,0.28,0.42,0.23,0.00,0.23,1.45,0.41,0.00,0.29,0.40,0.14,0.00,0.35,1.32,0.08,0.52,0.11,0.00,0.49,0.51,0.41,0.00,0.45,0.00,0.30,0.00,0.31,0.00,0.50,0.00,0.37,0.00,0.62,0.43,0.34,0.00,0.55,0.00,0.98
Batch 10,WU1965,YAS089,IN,9-Sep-15,11-Sep-15,13:15,15:15,3000,0.00,1.15,9.78,1.07,0.00,4.98,0.14,0.10,0.00,0.53,0.57,0.29,0.00,0.31,0.00,0.30,0.00,1.27,3.73,0.05,0.00,3.61,0.38,0.25,0.80,0.20,0.00,0.21,5.18,0.37,0.00,0.27,0.69,0.12,1.30,0.32,1.73,0.08,0.92,0.10,0.70,0.45,7.53,0.38,0.00,0.41,0.00,0.27,0.00,0.28,2.82,0.46,0.00,0.34,74.00,0.57,0.69,0.31,9.63,0.50,0.00,0.90
Batch 10,WU2044,YAS089,OUT,9-Sep-15,11-Sep-15,13:15,15:15,3000,0.00,1.15,0.00,1.07,0.00,4.98,0.00,0.10,0.00,0.53,0.67,0.29,0.00,0.31,0.00,0.30,0.27,1.27,0.13,0.05,0.00,3.61,0.33,0.25,0.22,0.20,0.00,0.21,1.28,0.37,0.00,0.27,0.33,0.12,0.00,0.32,0.98,0.08,0.00,0.10,0.00,0.45,0.00,0.38,0.00,0.41,0.00,0.27,0.00,0.28,0.00,0.46,0.00,0.34,0.00,0.57,0.33,0.31,1.68,0.50,0.00,0.90
Batch 10,WU2039,YAS090,IN,6-Sep-15,8-Sep-15,9:15,8:20,2825,0.00,1.22,5.45,1.14,0.00,5.28,0.16,0.10,0.00,0.56,0.65,0.31,0.00,0.33,0.00,0.32,0.00,1.35,6.66,0.06,0.00,3.83,0.69,0.27,1.70,0.22,0.00,0.23,6.70,0.39,0.00,0.28,0.76,0.13,1.84,0.34,2.13,0.08,0.77,0.11,1.01,0.47,2.10,0.40,2.51,0.43,0.00,0.29,0.54,0.29,2.01,0.49,0.00,0.36,29.69,0.60,0.64,0.33,0.00,0.53,0.00,0.95
Batch 10,WU2053,YAS090,OUT,6-Sep-15,8-Sep-15,9:15,8:20,2825,0.00,1.22,0.70,1.14,0.00,5.28,0.00,0.10,0.00,0.56,0.22,0.31,0.00,0.33,0.25,0.32,0.65,1.35,0.08,0.06,0.00,3.83,0.37,0.27,0.19,0.22,0.00,0.23,1.38,0.39,0.00,0.28,0.31,0.13,0.00,0.34,1.01,0.08,0.47,0.11,0.00,0.47,0.00,0.40,0.00,0.43,0.00,0.29,0.00,0.29,0.00,0.49,0.00,0.36,0.00,0.60,0.41,0.33,0.00,0.53,0.00,0.95
Batch 10,WU2015,YAS096,IN,7-Sep-15,9-Sep-15,13:00,14:00,2940,0.00,1.17,0.00,1.09,0.00,5.08,2.34,0.10,0.00,0.54,0.06,0.30,0.00,0.32,0.00,0.31,0.00,1.29,1.81,0.05,0.00,3.68,0.00,0.26,0.42,0.21,0.00,0.22,1.77,0.38,0.00,0.27,0.40,0.13,0.00,0.33,1.06,0.08,0.47,0.11,0.00,0.46,2.89,0.38,0.00,0.42,0.00,0.28,0.00,0.28,8.78,0.47,0.00,0.35,20.08,0.58,0.39,0.32,0.00,0.51,0.00,0.91
Batch 10,WU1932,YAS096,OUT,7-Sep-15,9-Sep-15,13:00,14:00,2940,0.00,1.17,0.00,1.09,0.00,5.08,0.08,0.10,0.00,0.54,0.32,0.30,0.00,0.32,0.00,0.31,0.18,1.29,0.29,0.05,0.00,3.68,0.31,0.26,0.00,0.21,0.00,0.22,1.17,0.38,0.00,0.27,0.30,0.13,0.00,0.33,0.91,0.08,0.00,0.11,0.00,0.46,0.50,0.38,0.00,0.42,0.00,0.28,0.00,0.28,0.00,0.47,0.00,0.35,0.81,0.58,0.31,0.32,0.00,0.51,0.00,0.91
Batch 10,WU1971,YAS097,IN,14-Sep-15,16-Sep-15,15:05,16:30,2965,0.00,1.16,2.00,1.08,0.00,5.03,7.21,0.10,0.00,0.54,0.56,0.29,0.00,0.32,0.00,0.30,0.00,1.28,0.72,0.05,0.00,3.65,0.00,0.25,0.24,0.21,0.00,0.21,4.85,0.38,0.00,0.27,0.48,0.13,12.38,0.33,1.11,0.08,0.44,0.10,0.64,0.45,16.39,0.38,8.30,0.41,0.00,0.28,0.00,0.28,8.48,0.46,0.00,0.34,30.12,0.58,0.42,0.31,0.00,0.51,0.00,0.91
Batch 10,WU2027,YAS097,OUT,14-Sep-15,16-Sep-15,15:05,16:30,2965,0.00,1.16,0.00,1.08,0.00,5.03,0.18,0.10,0.00,0.54,0.35,0.29,0.00,0.32,0.00,0.30,0.64,1.28,0.09,0.05,0.00,3.65,0.37,0.25,0.21,0.21,0.00,0.21,0.93,0.38,0.00,0.27,0.17,0.13,0.00,0.33,0.64,0.08,0.00,0.10,0.00,0.45,0.63,0.38,0.00,0.41,0.00,0.28,0.00,0.28,0.00,0.46,0.00,0.34,1.12,0.58,0.19,0.31,0.00,0.51,0.00,0.91
Batch 10,WU2043,YAS099,IN,17-Sep-15,19-Sep-15,11:10,12:00,2930,0.00,1.17,2.72,1.10,0.00,5.09,0.03,0.10,0.00,0.54,0.37,0.30,0.00,0.32,0.00,0.31,2.21,1.30,1.03,0.05,0.00,3.69,0.34,0.26,0.27,0.21,0.00,0.22,1.93,0.38,0.00,0.27,0.57,0.13,0.00,0.33,1.81,0.08,0.75,0.11,0.00,0.46,4.74,0.39,0.00,0.42,0.65,0.28,1.91,0.28,2.16,0.47,0.60,0.35,2.82,0.58,2.25,0.32,0.00,0.52,0.00,0.92
Batch 10,WU2033,YAS099,OUT,17-Sep-15,19-Sep-15,11:10,12:00,2930,0.00,1.17,2.19,1.10,0.00,5.09,0.01,0.10,0.00,0.54,0.32,0.30,0.00,0.32,0.00,0.31,0.13,1.30,0.03,0.05,0.00,3.69,0.29,0.26,0.22,0.21,0.00,0.22,1.36,0.38,0.00,0.27,0.44,0.13,0.00,0.33,1.48,0.08,0.56,0.11,0.00,0.46,0.40,0.39,0.00,0.42,0.00,0.28,0.00,0.28,0.00,0.47,0.00,0.35,0.00,0.58,0.42,0.32,0.00,0.52,0.00,0.92
Batch 10,WU1934,YAS100,IN,15-Sep-15,17-Sep-15,12:00,12:20,2900,0.00,1.19,3.88,1.11,0.00,5.15,0.24,0.10,0.00,0.55,0.59,0.30,0.00,0.32,0.00,0.31,0.00,1.31,1.52,0.06,0.00,3.73,0.37,0.26,0.36,0.21,0.00,0.22,4.78,0.38,0.00,0.28,0.48,0.13,0.00,0.33,1.44,0.08,0.55,0.11,0.00,0.46,1.81,0.39,0.00,0.42,0.00,0.28,0.00,0.29,0.00,0.47,0.00,0.35,2.37,0.59,0.37,0.32,0.00,0.52,0.00,0.93
Batch 10,WU2056,YAS100,OUT,15-Sep-15,17-Sep-15,12:00,12:20,2900,0.00,1.19,4.54,1.11,0.00,5.15,0.19,0.10,0.00,0.55,0.29,0.30,0.00,0.32,0.00,0.31,0.64,1.31,0.08,0.06,0.00,3.73,0.40,0.26,0.22,0.21,0.00,0.22,1.66,0.38,0.36,0.28,0.39,0.13,0.00,0.33,1.23,0.08,0.41,0.11,0.00,0.46,0.00,0.39,0.00,0.42,0.00,0.28,0.00,0.29,0.00,0.47,0.00,0.35,0.00,0.59,0.37,0.32,0.00,0.52,0.00,0.93
,,,,,,,,,,,,,,,,,,,,,,,,,,,,,,,,,,,,,,,,,,,,,,,,,,,,,,,,,,,,,,,,,,,,,,
,,,"changed, these were initially reversed",,,,,,,,,,,,,,,,,,,,,,,,,,,,,,,,,,,,,,,,,,,,,,,,,,,,,,,,,,,,,,,,,,,
Batch 11,WU2001,YAS012,IN,13-Feb-16,15-Feb-16,9:45,11:15,2970,0.00,1.15,5.34,1.42,0.00,4.97,0.02,0.36,0.00,0.53,1.18,0.29,0.00,0.31,0.79,0.30,0.00,1.01,0.00,0.06,0.98,3.59,0.33,0.25,2.01,0.22,0.00,0.21,3.91,3.60,0.27,0.27,0.43,4.07,1.41,0.32,4.62,0.55,1.87,0.30,0.00,0.45,1.11,0.38,2.43,1.18,0.41,0.27,1.38,0.28,0.00,0.46,0.48,0.34,4.03,0.38,1.67,0.31,0.00,0.50,0.00,0.90
Batch 11,WU2008,YAS012,OUT,13-Feb-16,15-Feb-16,9:45,9:35,2870,0.00,1.19,3.30,1.47,0.00,5.14,0.00,0.37,0.00,0.55,1.85,0.30,0.00,0.32,1.07,0.31,0.51,1.04,0.00,0.06,0.00,3.72,0.36,0.26,1.69,0.23,0.00,0.22,2.20,3.72,0.00,0.28,0.00,4.21,1.70,0.33,2.37,0.57,0.98,0.31,0.00,0.46,0.64,0.39,2.98,1.22,0.00,0.28,0.00,0.29,0.00,0.47,0.24,0.35,1.13,0.39,0.82,0.32,0.00,0.52,0.00,0.93
Batch 11,WU1936,YAS016,IN,20-Feb-16,22-Feb-16,14:00,13:45,2865,0.00,1.20,5.42,1.47,0.00,5.15,0.00,0.37,0.00,0.55,0.78,0.30,0.00,0.32,0.00,0.31,8.12,1.04,1.16,0.06,0.00,3.72,0.45,0.26,0.30,0.23,0.25,0.22,2.89,3.73,0.00,0.28,0.00,4.22,0.00,0.33,1.24,0.57,0.53,0.31,0.00,0.46,5.69,0.39,0.00,1.22,0.00,0.28,0.00,0.29,3.25,0.47,0.00,0.35,104.87,0.39,0.63,0.32,621.45,0.52,0.00,0.93
Batch 11,WU1953,YAS016,OUT,20-Feb-16,22-Feb-16,14:00,13:45,2865,0.00,1.20,1.21,1.47,0.00,5.15,0.00,0.37,0.00,0.55,0.26,0.30,0.00,0.32,0.00,0.31,0.00,1.04,0.11,0.06,0.51,3.72,0.00,0.26,0.18,0.23,0.00,0.22,0.00,3.73,0.00,0.28,0.00,4.22,0.00,0.33,0.79,0.57,0.00,0.31,0.00,0.46,0.00,0.39,0.00,1.22,0.00,0.28,0.00,0.29,0.00,0.47,0.00,0.35,1.23,0.39,0.00,0.32,5.00,0.52,0.00,0.93
Batch 11,WS8887,YAS018,IN,23-Feb-16,25-Feb-16,17:30,18:00,2910,0.00,1.18,2.05,1.45,0.00,5.07,0.05,0.37,0.00,0.54,0.40,0.30,0.00,0.32,0.30,0.30,0.00,1.03,2.14,0.06,0.49,3.67,0.34,0.26,0.31,0.22,0.00,0.22,3.39,3.67,0.44,0.27,1.33,4.15,0.00,0.33,1.20,0.57,0.63,0.31,0.00,0.45,21.52,0.38,0.00,1.20,0.00,0.28,0.67,0.28,7.80,0.47,0.29,0.34,20.19,0.39,1.08,0.32,2.24,0.51,0.00,0.91
Batch 11,WS9478,YAS018,OUT,23-Feb-16,25-Feb-16,17:30,18:00,2910,0.00,1.18,1.44,1.45,0.00,5.07,0.17,0.37,0.00,0.54,0.45,0.30,0.00,0.32,0.27,0.30,1.00,1.03,0.01,0.06,0.00,3.67,0.39,0.26,0.39,0.22,0.00,0.22,0.17,3.67,0.00,0.27,0.12,4.15,0.00,0.33,0.49,0.57,0.29,0.31,0.00,0.45,0.44,0.38,0.00,1.20,0.00,0.28,0.00,0.28,0.00,0.47,0.00,0.34,0.00,0.39,0.00,0.32,0.00,0.51,0.00,0.91
Batch 11,WS9138,YAS022,IN,24-Feb-16,26-Feb-16,13:30,13:15,2865,0.00,1.20,5.44,1.47,0.00,5.15,0.11,0.37,0.00,0.55,0.81,0.30,0.00,0.32,0.80,0.31,0.00,1.04,12.60,0.06,0.00,3.72,0.40,0.26,1.15,0.23,0.00,0.22,18.98,3.73,2.94,0.28,10.34,4.22,4.66,0.33,6.66,0.57,2.05,0.31,0.00,0.46,8.37,0.39,5.92,1.22,0.00,0.28,0.00,0.29,4.35,0.47,0.00,0.35,136.59,0.39,0.00,0.32,57.99,0.52,0.00,0.93
Batch 11,WS9007,YAS022,OUT,24-Feb-16,26-Feb-16,13:30,13:15,2865,0.00,1.20,1.60,1.47,0.00,5.15,0.46,0.37,0.00,0.55,0.49,0.30,0.00,0.32,0.00,0.31,1.06,1.04,0.00,0.06,0.00,3.72,0.46,0.26,0.52,0.23,0.00,0.22,0.80,3.73,0.26,0.28,0.50,4.22,0.00,0.33,0.77,0.57,0.31,0.31,0.00,0.46,0.00,0.39,0.00,1.22,0.00,0.28,0.00,0.29,0.00,0.47,0.00,0.35,2.79,0.39,0.28,0.32,1.71,0.52,0.00,0.93
Batch 11,WS9511,YAS023,IN,24-Feb-16,26-Feb-16,12:35,13:00,2905,0.00,1.18,8.61,1.45,0.00,5.08,0.12,0.37,0.00,0.54,4.09,0.30,0.00,0.32,1.96,0.31,1.84,1.03,0.00,0.06,2.53,3.67,0.35,0.26,1.09,0.22,0.00,0.22,5.94,3.68,0.00,0.27,2.79,4.16,0.00,0.33,11.06,0.57,4.58,0.31,0.00,0.46,0.83,0.38,0.00,1.20,1.36,0.28,3.37,0.28,0.00,0.47,1.20,0.35,2.01,0.39,4.95,0.32,0.00,0.51,0.77,0.92
Batch 11,WS8946,YAS023,OUT,24-Feb-16,26-Feb-16,12:35,13:00,2905,0.00,1.18,2.83,1.45,0.00,5.08,0.28,0.37,0.00,0.54,0.66,0.30,0.00,0.32,0.00,0.31,0.78,1.03,0.00,0.06,0.00,3.67,0.43,0.26,0.47,0.22,0.00,0.22,0.95,3.68,0.00,0.27,1.06,4.16,0.00,0.33,0.94,0.57,0.40,0.31,0.00,0.46,0.00,0.38,0.00,1.20,0.00,0.28,0.00,0.28,0.00,0.47,0.00,0.35,0.55,0.39,0.33,0.32,0.00,0.51,0.00,0.92
Batch 11,WS8888,YAS052,IN,24-Feb-16,26-Feb-16,14:15,13:35,2840,0.00,1.21,4.32,1.49,0.00,5.20,0.20,0.38,0.00,0.55,0.29,0.30,0.00,0.33,0.00,0.31,10.01,1.05,2.46,0.06,0.00,3.76,0.50,0.26,0.55,0.23,0.00,0.22,4.06,3.76,0.29,0.28,3.63,4.26,0.00,0.34,1.31,0.58,0.62,0.31,0.94,0.47,1.35,0.39,0.00,1.23,0.00,0.29,0.00,0.29,0.00,0.48,0.00,0.35,26.67,0.40,1.34,0.32,0.00,0.52,0.00,0.94
Batch 11,WS9075,YAS052,OUT,24-Feb-16,26-Feb-16,14:15,13:35,2840,0.00,1.21,1.77,1.49,0.00,5.20,0.39,0.38,0.00,0.55,0.54,0.30,0.00,0.33,0.30,0.31,0.26,1.05,0.07,0.06,0.00,3.76,0.43,0.26,0.51,0.23,0.00,0.22,1.42,3.76,0.24,0.28,1.28,4.26,0.00,0.34,0.63,0.58,0.28,0.31,0.00,0.47,0.00,0.39,0.00,1.23,0.00,0.29,0.00,0.29,0.00,0.48,0.00,0.35,1.26,0.40,0.00,0.32,0.00,0.52,0.00,0.94
Batch 11,WU2028,YAS060,IN,13-Feb-16,15-Feb-16,11:30,10:37,2827,0.00,1.21,0.00,1.49,0.00,5.22,0.00,0.38,0.00,0.56,0.00,0.31,0.00,0.33,0.00,0.31,0.00,1.06,0.00,0.06,0.00,3.77,0.00,0.26,0.00,0.23,0.00,0.22,0.00,3.78,0.00,0.28,0.00,4.28,0.00,0.34,0.20,0.58,0.00,0.32,0.00,0.47,0.32,0.39,0.00,1.24,0.00,0.29,0.00,0.29,0.00,0.48,0.00,0.36,2.00,0.40,0.00,0.33,0.00,0.53,0.00,0.94
Batch 11,WU2034,YAS060,OUT,13-Feb-16,15-Feb-16,11:30,10:37,2827,0.00,1.21,0.09,1.49,0.00,5.22,0.00,0.38,0.00,0.56,0.00,0.31,0.00,0.33,0.00,0.31,0.00,1.06,0.00,0.06,0.00,3.77,0.33,0.26,0.07,0.23,0.00,0.22,0.00,3.78,0.00,0.28,0.00,4.28,0.00,0.34,0.00,0.58,0.00,0.32,0.00,0.47,0.00,0.39,0.00,1.24,0.00,0.29,0.00,0.29,0.00,0.48,0.00,0.36,0.00,0.40,0.00,0.33,0.00,0.53,0.00,0.94
Batch 11,WU2035,YAS068,IN,13-Feb-16,15-Feb-16,10:50,10:09,2839,0.00,1.21,0.73,1.49,0.00,5.20,0.00,0.38,0.00,0.55,0.01,0.30,0.00,0.33,0.00,0.31,0.65,1.05,0.10,0.06,0.00,3.76,0.00,0.26,0.70,0.23,0.00,0.22,0.67,3.76,0.07,0.28,0.00,4.26,0.00,0.34,0.97,0.58,0.32,0.31,0.00,0.47,0.00,0.39,0.00,1.23,0.00,0.29,0.00,0.29,0.00,0.48,0.00,0.35,1.95,0.40,0.27,0.32,0.00,0.53,0.00,0.94
Batch 11,WU2045,YAS068,OUT,13-Feb-16,15-Feb-16,10:50,10:09,2839,0.00,1.21,0.39,1.49,0.00,5.20,0.00,0.38,0.00,0.55,0.01,0.30,0.00,0.33,0.00,0.31,0.00,1.05,0.00,0.06,0.00,3.76,0.42,0.26,0.19,0.23,0.00,0.22,0.00,3.76,0.00,0.28,0.00,4.26,0.00,0.34,0.00,0.58,0.00,0.31,0.00,0.47,0.00,0.39,0.00,1.23,0.00,0.29,0.00,0.29,0.00,0.48,0.00,0.35,0.00,0.40,0.00,0.32,0.00,0.53,0.00,0.94
Batch 11,WU2049,YAS086,IN,13-Feb-16,15-Feb-16,9:15,9:15,2880,0.00,1.19,14.33,1.47,0.00,5.12,0.03,0.37,0.00,0.55,3.39,0.30,0.00,0.32,3.35,0.31,0.00,1.04,0.56,0.06,2.19,3.70,0.32,0.26,1.24,0.23,0.00,0.22,7.54,3.71,0.30,0.27,0.48,4.20,0.00,0.33,4.60,0.57,1.74,0.31,0.00,0.46,1.75,0.39,0.00,1.21,0.38,0.28,1.42,0.29,2.69,0.47,0.39,0.35,16.88,0.39,1.47,0.32,3.89,0.52,0.00,0.92
Batch 11,WU2030,YAS086,OUT,13-Feb-16,15-Feb-16,9:15,9:15,2880,0.00,1.19,1.42,1.47,0.00,5.12,0.00,0.37,0.00,0.55,0.41,0.30,0.00,0.32,0.38,0.31,0.66,1.04,0.07,0.06,0.00,3.70,0.35,0.26,0.41,0.23,0.00,0.22,0.46,3.71,1.13,0.27,0.00,4.20,0.00,0.33,1.08,0.57,0.44,0.31,0.00,0.46,0.00,0.39,0.00,1.21,0.00,0.28,0.00,0.29,0.00,0.47,0.00,0.35,0.00,0.39,0.00,0.32,0.00,0.52,0.00,0.92
